-- --------------------------------------------------------
-- Host:                         127.0.0.1
-- Server version:               5.7.33 - MySQL Community Server (GPL)
-- Server OS:                    Win64
-- HeidiSQL Version:             11.2.0.6213
-- --------------------------------------------------------

/*!40101 SET @OLD_CHARACTER_SET_CLIENT=@@CHARACTER_SET_CLIENT */;
/*!40101 SET NAMES utf8 */;
/*!50503 SET NAMES utf8mb4 */;
/*!40014 SET @OLD_FOREIGN_KEY_CHECKS=@@FOREIGN_KEY_CHECKS, FOREIGN_KEY_CHECKS=0 */;
/*!40101 SET @OLD_SQL_MODE=@@SQL_MODE, SQL_MODE='NO_AUTO_VALUE_ON_ZERO' */;
/*!40111 SET @OLD_SQL_NOTES=@@SQL_NOTES, SQL_NOTES=0 */;


-- Dumping database structure for waf_db
CREATE DATABASE IF NOT EXISTS `waf_db` /*!40100 DEFAULT CHARACTER SET utf8mb4 COLLATE utf8mb4_unicode_ci */;
USE `waf_db`;

-- Dumping structure for table waf_db.alert
CREATE TABLE IF NOT EXISTS `alert` (
  `id` int(11) NOT NULL AUTO_INCREMENT,
  `traffic_log_id` int(11) NOT NULL,
  `rule_id` int(11) DEFAULT NULL,
  `type` varchar(100) COLLATE utf8mb4_unicode_ci NOT NULL,
  `severity` varchar(20) COLLATE utf8mb4_unicode_ci NOT NULL DEFAULT 'LOW',
  `description` text COLLATE utf8mb4_unicode_ci,
  `status` varchar(20) COLLATE utf8mb4_unicode_ci NOT NULL DEFAULT 'open',
  `created_at` datetime NOT NULL DEFAULT CURRENT_TIMESTAMP,
  `resolved_at` datetime DEFAULT NULL,
  PRIMARY KEY (`id`),
  KEY `traffic_log_id` (`traffic_log_id`),
  KEY `rule_id` (`rule_id`),
  CONSTRAINT `alert_ibfk_1` FOREIGN KEY (`traffic_log_id`) REFERENCES `traffic_log` (`id`) ON DELETE CASCADE,
  CONSTRAINT `alert_ibfk_2` FOREIGN KEY (`rule_id`) REFERENCES `rule` (`id`) ON DELETE SET NULL
) ENGINE=InnoDB AUTO_INCREMENT=29 DEFAULT CHARSET=utf8mb4 COLLATE=utf8mb4_unicode_ci;

-- Dumping data for table waf_db.alert: ~27 rows (approximately)
/*!40000 ALTER TABLE `alert` DISABLE KEYS */;
INSERT INTO `alert` (`id`, `traffic_log_id`, `rule_id`, `type`, `severity`, `description`, `status`, `created_at`, `resolved_at`) VALUES
	(1, 4, 1, 'SQLI', 'HIGH', 'ML detected is_sqli with score 85%', 'open', '2026-04-29 21:20:16', NULL),
	(2, 6, 1, 'SQLI', 'HIGH', 'ML detected is_sqli with score 85%', 'open', '2026-04-29 21:20:43', NULL),
	(3, 10, 1, 'SQLI', 'HIGH', 'ML detected is_sqli with score 92%', 'open', '2026-04-30 00:13:37', NULL),
	(4, 11, 1, 'SQLI', 'HIGH', 'ML detected is_sqli with score 99%', 'resolved', '2026-04-30 00:13:37', NULL),
	(5, 20, 1, 'SQLI', 'HIGH', 'ML detected is_sqli with score 88%', 'open', '2026-04-30 00:31:19', NULL),
	(6, 22, 1, 'SQLI', 'HIGH', 'ML detected is_sqli with score 88%', 'open', '2026-04-30 00:33:53', NULL),
	(7, 24, 1, 'SQLI', 'HIGH', 'ML detected is_sqli with score 88%', 'open', '2026-04-30 00:35:11', NULL),
	(8, 31, 1, 'SQLI', 'HIGH', 'ML detected is_sqli with score 88%', 'open', '2026-04-30 12:26:59', NULL),
	(9, 32, 1, 'SQLI', 'HIGH', 'ML detected is_sqli with score 88%', 'open', '2026-04-30 12:30:50', NULL),
	(10, 9, 1, 'SQLI', 'HIGH', 'ML detected is_sqli with score 92%', 'open', '2026-04-08 02:13:47', '2026-04-08 09:00:00'),
	(11, 10, 1, 'SQLI', 'HIGH', 'ML detected is_sqli with score 95%', 'resolved', '2026-04-08 02:14:02', '2026-04-08 09:01:00'),
	(12, 11, 1, 'SQLI', 'HIGH', 'ML detected is_sqli with score 88%', 'open', '2026-04-09 03:22:18', NULL),
	(13, 12, 1, 'SQLI', 'HIGH', 'ML detected is_sqli with score 91%', 'open', '2026-04-10 01:05:33', NULL),
	(14, 13, 1, 'SQLI', 'CRITICAL', 'ML detected is_sqli with score 97%', 'open', '2026-04-12 22:44:10', NULL),
	(15, 14, 1, 'SQLI', 'HIGH', 'ML detected is_sqli with score 89%', 'open', '2026-04-15 04:11:55', NULL),
	(16, 15, 1, 'SQLI', 'CRITICAL', 'ML detected is_sqli with score 96%', 'open', '2026-04-18 00:30:22', NULL),
	(17, 16, 2, 'XSS', 'MEDIUM', 'ML detected is_xss with score 87%', 'resolved', '2026-04-08 11:33:22', '2026-04-08 14:00:00'),
	(18, 17, 2, 'XSS', 'MEDIUM', 'ML detected is_xss with score 83%', 'open', '2026-04-09 15:04:55', NULL),
	(19, 18, 2, 'XSS', 'MEDIUM', 'ML detected is_xss with score 85%', 'open', '2026-04-11 10:22:08', NULL),
	(20, 19, 2, 'XSS', 'MEDIUM', 'ML detected is_xss with score 79%', 'open', '2026-04-13 09:15:44', NULL),
	(21, 20, 2, 'XSS', 'HIGH', 'ML detected is_xss with score 90%', 'resolved', '2026-04-17 14:50:33', NULL),
	(22, 21, 2, 'XSS', 'MEDIUM', 'ML detected is_xss with score 82%', 'open', '2026-04-20 08:22:11', NULL),
	(23, 22, 3, 'CMDI', 'CRITICAL', 'ML detected is_cmdi with score 94%', 'resolved', '2026-04-10 03:44:12', '2026-04-10 08:30:00'),
	(24, 23, 3, 'CMDI', 'CRITICAL', 'ML detected is_cmdi with score 91%', 'open', '2026-04-11 23:55:01', NULL),
	(25, 24, 3, 'CMDI', 'CRITICAL', 'ML detected is_cmdi with score 93%', 'open', '2026-04-14 05:10:44', NULL),
	(26, 25, 3, 'CMDI', 'CRITICAL', 'ML detected is_cmdi with score 88%', 'open', '2026-04-16 02:33:19', NULL),
	(27, 26, 3, 'CMDI', 'CRITICAL', 'ML detected is_cmdi with score 95%', 'open', '2026-04-19 01:20:05', NULL),
	(28, 53, 1, 'SQLI', 'HIGH', 'ML detected is_sqli with score 88%', 'open', '2026-04-30 20:22:53', NULL);
/*!40000 ALTER TABLE `alert` ENABLE KEYS */;

-- Dumping structure for table waf_db.attack_type
CREATE TABLE IF NOT EXISTS `attack_type` (
  `id` int(11) NOT NULL AUTO_INCREMENT,
  `name` varchar(100) COLLATE utf8mb4_unicode_ci NOT NULL,
  `description` varchar(255) COLLATE utf8mb4_unicode_ci DEFAULT NULL,
  PRIMARY KEY (`id`),
  UNIQUE KEY `name` (`name`)
) ENGINE=InnoDB AUTO_INCREMENT=4 DEFAULT CHARSET=utf8mb4 COLLATE=utf8mb4_unicode_ci;

-- Dumping data for table waf_db.attack_type: ~3 rows (approximately)
/*!40000 ALTER TABLE `attack_type` DISABLE KEYS */;
INSERT INTO `attack_type` (`id`, `name`, `description`) VALUES
	(1, 'SQLi', 'SQL Injection attack'),
	(2, 'XSS', 'Cross-Site Scripting attack'),
	(3, 'CMDi', 'Command Injection attack');
/*!40000 ALTER TABLE `attack_type` ENABLE KEYS */;

-- Dumping structure for table waf_db.blocked_ip
CREATE TABLE IF NOT EXISTS `blocked_ip` (
  `id` int(11) NOT NULL AUTO_INCREMENT,
  `ip` varchar(45) COLLATE utf8mb4_unicode_ci NOT NULL,
  `reason` varchar(255) COLLATE utf8mb4_unicode_ci DEFAULT NULL,
  `blocked_at` datetime NOT NULL DEFAULT CURRENT_TIMESTAMP,
  `expires_at` datetime DEFAULT NULL,
  `is_permanent` tinyint(1) NOT NULL DEFAULT '0',
  `rule_id` int(11) DEFAULT NULL,
  PRIMARY KEY (`id`),
  KEY `rule_id` (`rule_id`),
  CONSTRAINT `blocked_ip_ibfk_1` FOREIGN KEY (`rule_id`) REFERENCES `rule` (`id`) ON DELETE SET NULL
) ENGINE=InnoDB AUTO_INCREMENT=7 DEFAULT CHARSET=utf8mb4 COLLATE=utf8mb4_unicode_ci;

-- Dumping data for table waf_db.blocked_ip: ~2 rows (approximately)
/*!40000 ALTER TABLE `blocked_ip` DISABLE KEYS */;
INSERT INTO `blocked_ip` (`id`, `ip`, `reason`, `blocked_at`, `expires_at`, `is_permanent`, `rule_id`) VALUES
	(1, '10.146.65.95', 'ML-detected: is_sqli', '2026-04-29 21:20:26', '2026-04-30 20:20:26', 0, 1),
	(2, '192.168.1.162', 'ML-detected: is_sqli', '2026-04-30 00:13:37', '2026-04-30 23:13:37', 0, 1),
	(6, '10.146.65.103', 'Manual block', '2026-05-01 00:06:41', NULL, 1, NULL);
/*!40000 ALTER TABLE `blocked_ip` ENABLE KEYS */;

-- Dumping structure for table waf_db.browser_info
CREATE TABLE IF NOT EXISTS `browser_info` (
  `id` int(11) NOT NULL AUTO_INCREMENT,
  `traffic_log_id` int(11) NOT NULL,
  `browser_name` varchar(100) COLLATE utf8mb4_unicode_ci DEFAULT NULL,
  `browser_version` varchar(50) COLLATE utf8mb4_unicode_ci DEFAULT NULL,
  `os` varchar(100) COLLATE utf8mb4_unicode_ci DEFAULT NULL,
  `device_type` varchar(50) COLLATE utf8mb4_unicode_ci DEFAULT NULL,
  `is_crawler` tinyint(1) DEFAULT '0',
  PRIMARY KEY (`id`),
  KEY `traffic_log_id` (`traffic_log_id`),
  CONSTRAINT `browser_info_ibfk_1` FOREIGN KEY (`traffic_log_id`) REFERENCES `traffic_log` (`id`) ON DELETE CASCADE
) ENGINE=InnoDB AUTO_INCREMENT=294 DEFAULT CHARSET=utf8mb4 COLLATE=utf8mb4_unicode_ci;

-- Dumping data for table waf_db.browser_info: ~282 rows (approximately)
/*!40000 ALTER TABLE `browser_info` DISABLE KEYS */;
INSERT INTO `browser_info` (`id`, `traffic_log_id`, `browser_name`, `browser_version`, `os`, `device_type`, `is_crawler`) VALUES
	(1, 3, 'Chrome', '0.0', 'Win10', 'Desktop', 0),
	(2, 6, 'Chrome', '0.0', 'Win10', 'Desktop', 0),
	(3, 9, 'Unknown', '0', 'Unknown', 'Tablet', 0),
	(4, 11, 'Unknown', '0', 'Unknown', 'Tablet', 0),
	(5, 12, 'Unknown', '0', 'Unknown', 'Tablet', 0),
	(6, 13, 'Unknown', '0', 'Unknown', 'Tablet', 0),
	(7, 14, 'Unknown', '0', 'Unknown', 'Tablet', 0),
	(8, 15, 'Unknown', '0', 'Unknown', 'Tablet', 0),
	(9, 16, 'Unknown', '0', 'Unknown', 'Desktop', 0),
	(10, 17, 'Unknown', '0', 'Unknown', 'Tablet', 0),
	(11, 18, 'Unknown', '0', 'Unknown', 'Tablet', 0),
	(12, 19, 'Unknown', '0', 'Unknown', 'Desktop', 0),
	(13, 20, 'Unknown', '0', 'Unknown', 'Desktop', 0),
	(14, 21, 'Unknown', '0', 'Unknown', 'Desktop', 0),
	(15, 22, 'Unknown', '0', 'Unknown', 'Desktop', 0),
	(16, 23, 'Unknown', '0', 'Unknown', 'Desktop', 0),
	(17, 24, 'Unknown', '0', 'Unknown', 'Desktop', 0),
	(18, 25, 'Unknown', '0', 'Unknown', 'Tablet', 0),
	(19, 26, 'Unknown', '0', 'Unknown', 'Tablet', 0),
	(20, 27, 'Unknown', '0', 'Unknown', 'Tablet', 0),
	(21, 28, 'Unknown', '0', 'Unknown', 'Desktop', 0),
	(22, 29, 'Unknown', '0', 'Unknown', 'Desktop', 0),
	(23, 30, 'Unknown', '0', 'Unknown', 'Desktop', 0),
	(24, 31, 'Unknown', '0', 'Unknown', 'Desktop', 0),
	(25, 32, 'Unknown', '0', 'Unknown', 'Desktop', 0),
	(26, 33, 'Unknown', '0', 'Unknown', 'Desktop', 0),
	(27, 34, 'Unknown', '0', 'Unknown', 'Desktop', 0),
	(28, 35, 'Unknown', '0', 'Unknown', 'Desktop', 0),
	(29, 36, 'Unknown', '0', 'Unknown', 'Desktop', 0),
	(30, 37, 'Unknown', '0', 'Unknown', 'Desktop', 0),
	(31, 38, 'Unknown', '0', 'Unknown', 'Desktop', 0),
	(32, 39, 'Unknown', '0', 'Unknown', 'Desktop', 0),
	(33, 40, 'Unknown', '0', 'Unknown', 'Desktop', 0),
	(34, 41, 'Unknown', '0', 'Unknown', 'Desktop', 0),
	(35, 42, 'Unknown', '0', 'Unknown', 'Desktop', 0),
	(36, 43, 'Unknown', '0', 'Unknown', 'Desktop', 0),
	(37, 44, 'Unknown', '0', 'Unknown', 'Desktop', 0),
	(38, 45, 'Unknown', '0', 'Unknown', 'Desktop', 0),
	(39, 46, 'Unknown', '0', 'Unknown', 'Desktop', 0),
	(40, 47, 'Unknown', '0', 'Unknown', 'Desktop', 0),
	(41, 48, 'Unknown', '0', 'Unknown', 'Tablet', 0),
	(42, 49, 'Unknown', '0', 'Unknown', 'Tablet', 0),
	(43, 50, 'Unknown', '0', 'Unknown', 'Tablet', 0),
	(44, 51, 'Unknown', '0', 'Unknown', 'Tablet', 0),
	(45, 52, 'Unknown', '0', 'Unknown', 'Desktop', 0),
	(46, 53, 'Unknown', '0', 'Unknown', 'Tablet', 0),
	(47, 56, 'Unknown', '0', 'Unknown', 'Desktop', 0),
	(48, 57, 'Unknown', '0', 'Unknown', 'Desktop', 0),
	(49, 58, 'Unknown', '0', 'Unknown', 'Desktop', 0),
	(50, 59, 'Unknown', '0', 'Unknown', 'Desktop', 0),
	(51, 60, 'Unknown', '0', 'Unknown', 'Desktop', 0),
	(52, 61, 'Unknown', '0', 'Unknown', 'Desktop', 0),
	(53, 62, 'Unknown', '0', 'Unknown', 'Desktop', 0),
	(54, 63, 'Unknown', '0', 'Unknown', 'Desktop', 0),
	(55, 64, 'Unknown', '0', 'Unknown', 'Desktop', 0),
	(56, 65, 'Unknown', '0', 'Unknown', 'Desktop', 0),
	(57, 66, 'Unknown', '0', 'Unknown', 'Desktop', 0),
	(58, 67, 'Unknown', '0', 'Unknown', 'Desktop', 0),
	(59, 68, 'Unknown', '0', 'Unknown', 'Desktop', 0),
	(60, 69, 'Unknown', '0', 'Unknown', 'Desktop', 0),
	(61, 70, 'Unknown', '0', 'Unknown', 'Desktop', 0),
	(62, 71, 'Unknown', '0', 'Unknown', 'Desktop', 0),
	(63, 72, 'Unknown', '0', 'Unknown', 'Desktop', 0),
	(64, 73, 'Unknown', '0', 'Unknown', 'Desktop', 0),
	(65, 74, 'Unknown', '0', 'Unknown', 'Desktop', 0),
	(66, 75, 'Unknown', '0', 'Unknown', 'Desktop', 0),
	(67, 76, 'Unknown', '0', 'Unknown', 'Desktop', 0),
	(68, 77, 'Unknown', '0', 'Unknown', 'Desktop', 0),
	(69, 78, 'Unknown', '0', 'Unknown', 'Desktop', 0),
	(70, 79, 'Unknown', '0', 'Unknown', 'Desktop', 0),
	(71, 80, 'Unknown', '0', 'Unknown', 'Desktop', 0),
	(72, 81, 'Unknown', '0', 'Unknown', 'Desktop', 0),
	(73, 82, 'Unknown', '0', 'Unknown', 'Desktop', 0),
	(74, 83, 'Unknown', '0', 'Unknown', 'Desktop', 0),
	(75, 84, 'Unknown', '0', 'Unknown', 'Desktop', 0),
	(76, 85, 'Unknown', '0', 'Unknown', 'Desktop', 0),
	(77, 86, 'Unknown', '0', 'Unknown', 'Desktop', 0),
	(78, 87, 'Unknown', '0', 'Unknown', 'Desktop', 0),
	(79, 88, 'Unknown', '0', 'Unknown', 'Desktop', 0),
	(80, 89, 'Unknown', '0', 'Unknown', 'Desktop', 0),
	(81, 90, 'Unknown', '0', 'Unknown', 'Desktop', 0),
	(82, 91, 'Unknown', '0', 'Unknown', 'Desktop', 0),
	(83, 92, 'Unknown', '0', 'Unknown', 'Desktop', 0),
	(84, 93, 'Unknown', '0', 'Unknown', 'Desktop', 0),
	(85, 94, 'Unknown', '0', 'Unknown', 'Desktop', 0),
	(86, 95, 'Unknown', '0', 'Unknown', 'Desktop', 0),
	(87, 96, 'Unknown', '0', 'Unknown', 'Desktop', 0),
	(88, 97, 'Unknown', '0', 'Unknown', 'Desktop', 0),
	(89, 98, 'Unknown', '0', 'Unknown', 'Desktop', 0),
	(90, 99, 'Unknown', '0', 'Unknown', 'Desktop', 0),
	(91, 100, 'Unknown', '0', 'Unknown', 'Desktop', 0),
	(92, 101, 'Unknown', '0', 'Unknown', 'Desktop', 0),
	(93, 102, 'Unknown', '0', 'Unknown', 'Desktop', 0),
	(94, 103, 'Unknown', '0', 'Unknown', 'Desktop', 0),
	(95, 104, 'Unknown', '0', 'Unknown', 'Desktop', 0),
	(96, 105, 'Unknown', '0', 'Unknown', 'Desktop', 0),
	(97, 106, 'Unknown', '0', 'Unknown', 'Desktop', 0),
	(98, 107, 'Unknown', '0', 'Unknown', 'Desktop', 0),
	(99, 108, 'Unknown', '0', 'Unknown', 'Desktop', 0),
	(100, 109, 'Unknown', '0', 'Unknown', 'Desktop', 0),
	(101, 110, 'Unknown', '0', 'Unknown', 'Desktop', 0),
	(102, 111, 'Unknown', '0', 'Unknown', 'Desktop', 0),
	(103, 112, 'Unknown', '0', 'Unknown', 'Desktop', 0),
	(104, 113, 'Unknown', '0', 'Unknown', 'Desktop', 0),
	(105, 114, 'Unknown', '0', 'Unknown', 'Desktop', 0),
	(106, 115, 'Unknown', '0', 'Unknown', 'Desktop', 0),
	(107, 116, 'Unknown', '0', 'Unknown', 'Desktop', 0),
	(108, 117, 'Unknown', '0', 'Unknown', 'Desktop', 0),
	(109, 118, 'Unknown', '0', 'Unknown', 'Desktop', 0),
	(110, 119, 'Unknown', '0', 'Unknown', 'Desktop', 0),
	(111, 120, 'Unknown', '0', 'Unknown', 'Desktop', 0),
	(112, 121, 'Unknown', '0', 'Unknown', 'Desktop', 0),
	(113, 122, 'Unknown', '0', 'Unknown', 'Desktop', 0),
	(114, 123, 'Unknown', '0', 'Unknown', 'Desktop', 0),
	(115, 124, 'Unknown', '0', 'Unknown', 'Desktop', 0),
	(116, 125, 'Unknown', '0', 'Unknown', 'Desktop', 0),
	(117, 126, 'Unknown', '0', 'Unknown', 'Desktop', 0),
	(118, 127, 'Unknown', '0', 'Unknown', 'Desktop', 0),
	(119, 128, 'Unknown', '0', 'Unknown', 'Desktop', 0),
	(120, 129, 'Unknown', '0', 'Unknown', 'Desktop', 0),
	(121, 130, 'Unknown', '0', 'Unknown', 'Desktop', 0),
	(122, 131, 'Unknown', '0', 'Unknown', 'Desktop', 0),
	(123, 132, 'Unknown', '0', 'Unknown', 'Desktop', 0),
	(124, 133, 'Unknown', '0', 'Unknown', 'Desktop', 0),
	(125, 134, 'Unknown', '0', 'Unknown', 'Desktop', 0),
	(126, 135, 'Unknown', '0', 'Unknown', 'Desktop', 0),
	(127, 136, 'Unknown', '0', 'Unknown', 'Desktop', 0),
	(128, 137, 'Unknown', '0', 'Unknown', 'Desktop', 0),
	(129, 138, 'Unknown', '0', 'Unknown', 'Desktop', 0),
	(130, 139, 'Unknown', '0', 'Unknown', 'Desktop', 0),
	(131, 140, 'Unknown', '0', 'Unknown', 'Desktop', 0),
	(132, 141, 'Unknown', '0', 'Unknown', 'Desktop', 0),
	(133, 142, 'Unknown', '0', 'Unknown', 'Desktop', 0),
	(134, 143, 'Unknown', '0', 'Unknown', 'Desktop', 0),
	(135, 144, 'Unknown', '0', 'Unknown', 'Desktop', 0),
	(136, 145, 'Unknown', '0', 'Unknown', 'Desktop', 0),
	(137, 146, 'Unknown', '0', 'Unknown', 'Desktop', 0),
	(138, 147, 'Unknown', '0', 'Unknown', 'Desktop', 0),
	(139, 148, 'Unknown', '0', 'Unknown', 'Desktop', 0),
	(140, 149, 'Unknown', '0', 'Unknown', 'Desktop', 0),
	(141, 150, 'Unknown', '0', 'Unknown', 'Desktop', 0),
	(142, 151, 'Unknown', '0', 'Unknown', 'Desktop', 0),
	(143, 152, 'Unknown', '0', 'Unknown', 'Desktop', 0),
	(144, 153, 'Unknown', '0', 'Unknown', 'Desktop', 0),
	(145, 154, 'Unknown', '0', 'Unknown', 'Desktop', 0),
	(146, 155, 'Unknown', '0', 'Unknown', 'Desktop', 0),
	(147, 156, 'Unknown', '0', 'Unknown', 'Desktop', 0),
	(148, 157, 'Unknown', '0', 'Unknown', 'Desktop', 0),
	(149, 158, 'Unknown', '0', 'Unknown', 'Desktop', 0),
	(150, 159, 'Unknown', '0', 'Unknown', 'Desktop', 0),
	(151, 160, 'Unknown', '0', 'Unknown', 'Desktop', 0),
	(152, 161, 'Unknown', '0', 'Unknown', 'Desktop', 0),
	(153, 162, 'Unknown', '0', 'Unknown', 'Desktop', 0),
	(154, 163, 'Unknown', '0', 'Unknown', 'Desktop', 0),
	(155, 164, 'Unknown', '0', 'Unknown', 'Desktop', 0),
	(156, 165, 'Unknown', '0', 'Unknown', 'Desktop', 0),
	(157, 166, 'Unknown', '0', 'Unknown', 'Desktop', 0),
	(158, 167, 'Unknown', '0', 'Unknown', 'Desktop', 0),
	(159, 168, 'Unknown', '0', 'Unknown', 'Desktop', 0),
	(160, 169, 'Unknown', '0', 'Unknown', 'Desktop', 0),
	(161, 170, 'Unknown', '0', 'Unknown', 'Desktop', 0),
	(162, 171, 'Unknown', '0', 'Unknown', 'Desktop', 0),
	(163, 172, 'Unknown', '0', 'Unknown', 'Desktop', 0),
	(164, 173, 'Unknown', '0', 'Unknown', 'Desktop', 0),
	(165, 174, 'Unknown', '0', 'Unknown', 'Desktop', 0),
	(166, 175, 'Unknown', '0', 'Unknown', 'Desktop', 0),
	(167, 176, 'Unknown', '0', 'Unknown', 'Desktop', 0),
	(168, 177, 'Unknown', '0', 'Unknown', 'Desktop', 0),
	(169, 178, 'Unknown', '0', 'Unknown', 'Desktop', 0),
	(170, 179, 'Unknown', '0', 'Unknown', 'Desktop', 0),
	(171, 180, 'Unknown', '0', 'Unknown', 'Desktop', 0),
	(172, 181, 'Unknown', '0', 'Unknown', 'Desktop', 0),
	(173, 182, 'Unknown', '0', 'Unknown', 'Desktop', 0),
	(174, 183, 'Unknown', '0', 'Unknown', 'Desktop', 0),
	(175, 184, 'Unknown', '0', 'Unknown', 'Desktop', 0),
	(176, 185, 'Unknown', '0', 'Unknown', 'Desktop', 0),
	(177, 186, 'Unknown', '0', 'Unknown', 'Desktop', 0),
	(178, 187, 'Unknown', '0', 'Unknown', 'Desktop', 0),
	(179, 188, 'Unknown', '0', 'Unknown', 'Desktop', 0),
	(180, 189, 'Unknown', '0', 'Unknown', 'Desktop', 0),
	(181, 191, 'Unknown', '0', 'Unknown', 'Desktop', 0),
	(182, 192, 'Unknown', '0', 'Unknown', 'Desktop', 0),
	(183, 193, 'Unknown', '0', 'Unknown', 'Desktop', 0),
	(184, 194, 'Unknown', '0', 'Unknown', 'Desktop', 0),
	(185, 196, 'Unknown', '0', 'Unknown', 'Desktop', 0),
	(186, 197, 'Unknown', '0', 'Unknown', 'Desktop', 0),
	(187, 198, 'Unknown', '0', 'Unknown', 'Desktop', 0),
	(188, 199, 'Unknown', '0', 'Unknown', 'Desktop', 0),
	(189, 200, 'Unknown', '0', 'Unknown', 'Desktop', 0),
	(190, 201, 'Unknown', '0', 'Unknown', 'Desktop', 0),
	(191, 202, 'Unknown', '0', 'Unknown', 'Desktop', 0),
	(192, 203, 'Unknown', '0', 'Unknown', 'Desktop', 0),
	(193, 204, 'Unknown', '0', 'Unknown', 'Desktop', 0),
	(194, 205, 'Unknown', '0', 'Unknown', 'Desktop', 0),
	(195, 206, 'Unknown', '0', 'Unknown', 'Desktop', 0),
	(196, 207, 'Unknown', '0', 'Unknown', 'Desktop', 0),
	(197, 208, 'Unknown', '0', 'Unknown', 'Desktop', 0),
	(198, 209, 'Unknown', '0', 'Unknown', 'Desktop', 0),
	(199, 210, 'Unknown', '0', 'Unknown', 'Desktop', 0),
	(200, 211, 'Unknown', '0', 'Unknown', 'Desktop', 0),
	(201, 212, 'Unknown', '0', 'Unknown', 'Desktop', 0),
	(202, 213, 'Unknown', '0', 'Unknown', 'Desktop', 0),
	(203, 214, 'Unknown', '0', 'Unknown', 'Desktop', 0),
	(204, 215, 'Unknown', '0', 'Unknown', 'Desktop', 0),
	(205, 216, 'Unknown', '0', 'Unknown', 'Desktop', 0),
	(206, 217, 'Unknown', '0', 'Unknown', 'Desktop', 0),
	(207, 218, 'Unknown', '0', 'Unknown', 'Desktop', 0),
	(208, 219, 'Unknown', '0', 'Unknown', 'Desktop', 0),
	(209, 220, 'Unknown', '0', 'Unknown', 'Desktop', 0),
	(210, 221, 'Unknown', '0', 'Unknown', 'Desktop', 0),
	(211, 222, 'Unknown', '0', 'Unknown', 'Desktop', 0),
	(212, 223, 'Unknown', '0', 'Unknown', 'Desktop', 0),
	(213, 224, 'Unknown', '0', 'Unknown', 'Desktop', 0),
	(214, 225, 'Unknown', '0', 'Unknown', 'Desktop', 0),
	(215, 226, 'Unknown', '0', 'Unknown', 'Desktop', 0),
	(216, 227, 'Unknown', '0', 'Unknown', 'Desktop', 0),
	(217, 228, 'Unknown', '0', 'Unknown', 'Desktop', 0),
	(218, 229, 'Unknown', '0', 'Unknown', 'Desktop', 0),
	(219, 230, 'Unknown', '0', 'Unknown', 'Desktop', 0),
	(220, 231, 'Unknown', '0', 'Unknown', 'Desktop', 0),
	(221, 232, 'Unknown', '0', 'Unknown', 'Desktop', 0),
	(222, 233, 'Unknown', '0', 'Unknown', 'Desktop', 0),
	(223, 234, 'Unknown', '0', 'Unknown', 'Desktop', 0),
	(224, 235, 'Unknown', '0', 'Unknown', 'Desktop', 0),
	(225, 236, 'Unknown', '0', 'Unknown', 'Desktop', 0),
	(226, 237, 'Unknown', '0', 'Unknown', 'Desktop', 0),
	(227, 238, 'Unknown', '0', 'Unknown', 'Desktop', 0),
	(228, 239, 'Unknown', '0', 'Unknown', 'Desktop', 0),
	(229, 240, 'Unknown', '0', 'Unknown', 'Desktop', 0),
	(230, 241, 'Unknown', '0', 'Unknown', 'Desktop', 0),
	(231, 242, 'Unknown', '0', 'Unknown', 'Desktop', 0),
	(232, 243, 'Unknown', '0', 'Unknown', 'Desktop', 0),
	(233, 244, 'Unknown', '0', 'Unknown', 'Desktop', 0),
	(234, 245, 'Unknown', '0', 'Unknown', 'Desktop', 0),
	(235, 246, 'Unknown', '0', 'Unknown', 'Desktop', 0),
	(236, 247, 'Unknown', '0', 'Unknown', 'Desktop', 0),
	(237, 248, 'Unknown', '0', 'Unknown', 'Desktop', 0),
	(238, 249, 'Unknown', '0', 'Unknown', 'Desktop', 0),
	(239, 250, 'Unknown', '0', 'Unknown', 'Desktop', 0),
	(240, 251, 'Unknown', '0', 'Unknown', 'Desktop', 0),
	(241, 252, 'Unknown', '0', 'Unknown', 'Desktop', 0),
	(242, 253, 'Unknown', '0', 'Unknown', 'Desktop', 0),
	(243, 254, 'Unknown', '0', 'Unknown', 'Desktop', 0),
	(244, 255, 'Unknown', '0', 'Unknown', 'Desktop', 0),
	(245, 256, 'Unknown', '0', 'Unknown', 'Desktop', 0),
	(246, 257, 'Unknown', '0', 'Unknown', 'Desktop', 0),
	(247, 258, 'Unknown', '0', 'Unknown', 'Desktop', 0),
	(248, 259, 'Unknown', '0', 'Unknown', 'Desktop', 0),
	(249, 260, 'Unknown', '0', 'Unknown', 'Desktop', 0),
	(250, 261, 'Unknown', '0', 'Unknown', 'Desktop', 0),
	(251, 262, 'Unknown', '0', 'Unknown', 'Desktop', 0),
	(252, 263, 'Unknown', '0', 'Unknown', 'Desktop', 0),
	(253, 264, 'Unknown', '0', 'Unknown', 'Desktop', 0),
	(254, 265, 'Unknown', '0', 'Unknown', 'Desktop', 0),
	(255, 266, 'Unknown', '0', 'Unknown', 'Desktop', 0),
	(256, 267, 'Unknown', '0', 'Unknown', 'Desktop', 0),
	(257, 268, 'Unknown', '0', 'Unknown', 'Desktop', 0),
	(258, 269, 'Unknown', '0', 'Unknown', 'Desktop', 0),
	(259, 270, 'Unknown', '0', 'Unknown', 'Desktop', 0),
	(260, 271, 'Unknown', '0', 'Unknown', 'Desktop', 0),
	(261, 272, 'Unknown', '0', 'Unknown', 'Desktop', 0),
	(262, 273, 'Unknown', '0', 'Unknown', 'Desktop', 0),
	(263, 274, 'Unknown', '0', 'Unknown', 'Desktop', 0),
	(264, 275, 'Unknown', '0', 'Unknown', 'Desktop', 0),
	(265, 276, 'Unknown', '0', 'Unknown', 'Desktop', 0),
	(266, 277, 'Unknown', '0', 'Unknown', 'Desktop', 0),
	(267, 278, 'Unknown', '0', 'Unknown', 'Desktop', 0),
	(268, 279, 'Unknown', '0', 'Unknown', 'Desktop', 0),
	(269, 280, 'Unknown', '0', 'Unknown', 'Desktop', 0),
	(270, 281, 'Unknown', '0', 'Unknown', 'Desktop', 0),
	(271, 282, 'Unknown', '0', 'Unknown', 'Desktop', 0),
	(272, 283, 'Unknown', '0', 'Unknown', 'Desktop', 0),
	(273, 284, 'Unknown', '0', 'Unknown', 'Desktop', 0),
	(274, 285, 'Unknown', '0', 'Unknown', 'Desktop', 0),
	(275, 286, 'Unknown', '0', 'Unknown', 'Desktop', 0),
	(276, 287, 'Unknown', '0', 'Unknown', 'Desktop', 0),
	(277, 288, 'Unknown', '0', 'Unknown', 'Desktop', 0),
	(278, 289, 'Unknown', '0', 'Unknown', 'Desktop', 0),
	(279, 290, 'Unknown', '0', 'Unknown', 'Desktop', 0),
	(280, 291, 'Unknown', '0', 'Unknown', 'Desktop', 0),
	(281, 292, 'Unknown', '0', 'Unknown', 'Desktop', 0),
	(282, 293, 'Unknown', '0', 'Unknown', 'Desktop', 0),
	(283, 294, 'Unknown', '0', 'Unknown', 'Desktop', 0),
	(284, 295, 'Unknown', '0', 'Unknown', 'Desktop', 0),
	(285, 296, 'Unknown', '0', 'Unknown', 'Desktop', 0),
	(286, 297, 'Unknown', '0', 'Unknown', 'Desktop', 0),
	(287, 298, 'Unknown', '0', 'Unknown', 'Desktop', 0),
	(288, 299, 'Unknown', '0', 'Unknown', 'Desktop', 0),
	(289, 300, 'Unknown', '0', 'Unknown', 'Desktop', 0),
	(290, 301, 'Unknown', '0', 'Unknown', 'Desktop', 0),
	(291, 302, 'Unknown', '0', 'Unknown', 'Desktop', 0),
	(292, 303, 'Unknown', '0', 'Unknown', 'Desktop', 0),
	(293, 304, 'Unknown', '0', 'Unknown', 'Desktop', 0);
/*!40000 ALTER TABLE `browser_info` ENABLE KEYS */;

-- Dumping structure for table waf_db.log_event
CREATE TABLE IF NOT EXISTS `log_event` (
  `id` int(11) NOT NULL AUTO_INCREMENT,
  `user_id` int(11) DEFAULT NULL,
  `action` varchar(100) COLLATE utf8mb4_unicode_ci NOT NULL,
  `target_table` varchar(100) COLLATE utf8mb4_unicode_ci DEFAULT NULL,
  `target_id` int(11) DEFAULT NULL,
  `details` varchar(500) COLLATE utf8mb4_unicode_ci DEFAULT NULL,
  `created_at` datetime NOT NULL DEFAULT CURRENT_TIMESTAMP,
  PRIMARY KEY (`id`),
  KEY `user_id` (`user_id`),
  CONSTRAINT `log_event_ibfk_1` FOREIGN KEY (`user_id`) REFERENCES `user` (`id`) ON DELETE SET NULL
) ENGINE=InnoDB DEFAULT CHARSET=utf8mb4 COLLATE=utf8mb4_unicode_ci;

-- Dumping data for table waf_db.log_event: ~0 rows (approximately)
/*!40000 ALTER TABLE `log_event` DISABLE KEYS */;
/*!40000 ALTER TABLE `log_event` ENABLE KEYS */;

-- Dumping structure for table waf_db.role
CREATE TABLE IF NOT EXISTS `role` (
  `id` int(11) NOT NULL AUTO_INCREMENT,
  `name` varchar(50) COLLATE utf8mb4_unicode_ci NOT NULL,
  `description` varchar(255) COLLATE utf8mb4_unicode_ci DEFAULT NULL,
  PRIMARY KEY (`id`),
  UNIQUE KEY `name` (`name`)
) ENGINE=InnoDB AUTO_INCREMENT=4 DEFAULT CHARSET=utf8mb4 COLLATE=utf8mb4_unicode_ci;

-- Dumping data for table waf_db.role: ~3 rows (approximately)
/*!40000 ALTER TABLE `role` DISABLE KEYS */;
INSERT INTO `role` (`id`, `name`, `description`) VALUES
	(1, 'admin', 'Full system access'),
	(2, 'analyst', 'Can view and resolve alerts'),
	(3, 'viewer', 'Read-only access');
/*!40000 ALTER TABLE `role` ENABLE KEYS */;

-- Dumping structure for table waf_db.rule
CREATE TABLE IF NOT EXISTS `rule` (
  `id` int(11) NOT NULL AUTO_INCREMENT,
  `name` varchar(255) COLLATE utf8mb4_unicode_ci NOT NULL,
  `type` varchar(100) COLLATE utf8mb4_unicode_ci NOT NULL,
  `pattern` text COLLATE utf8mb4_unicode_ci,
  `action` varchar(50) COLLATE utf8mb4_unicode_ci NOT NULL DEFAULT 'block',
  `priority` int(11) NOT NULL DEFAULT '1',
  `is_active` tinyint(1) NOT NULL DEFAULT '1',
  `description` varchar(255) COLLATE utf8mb4_unicode_ci DEFAULT NULL,
  `created_at` datetime NOT NULL DEFAULT CURRENT_TIMESTAMP,
  `updated_at` datetime NOT NULL DEFAULT CURRENT_TIMESTAMP ON UPDATE CURRENT_TIMESTAMP,
  `created_by` int(11) DEFAULT NULL,
  `attack_type_id` int(11) DEFAULT NULL,
  PRIMARY KEY (`id`),
  KEY `created_by` (`created_by`),
  KEY `attack_type_id` (`attack_type_id`),
  CONSTRAINT `rule_ibfk_1` FOREIGN KEY (`created_by`) REFERENCES `user` (`id`) ON DELETE SET NULL,
  CONSTRAINT `rule_ibfk_2` FOREIGN KEY (`attack_type_id`) REFERENCES `attack_type` (`id`) ON DELETE SET NULL
) ENGINE=InnoDB AUTO_INCREMENT=4 DEFAULT CHARSET=utf8mb4 COLLATE=utf8mb4_unicode_ci;

-- Dumping data for table waf_db.rule: ~3 rows (approximately)
/*!40000 ALTER TABLE `rule` DISABLE KEYS */;
INSERT INTO `rule` (`id`, `name`, `type`, `pattern`, `action`, `priority`, `is_active`, `description`, `created_at`, `updated_at`, `created_by`, `attack_type_id`) VALUES
	(1, 'SQL Injection Detection', 'is_sqli', NULL, 'block', 1, 0, 'ML-detected SQL injection', '2026-04-29 21:16:41', '2026-05-01 00:34:28', 1, 1),
	(2, 'XSS Detection', 'is_xss', NULL, 'block', 2, 1, 'ML-detected XSS attack', '2026-04-29 21:16:41', '2026-05-01 00:28:19', 1, 2),
	(3, 'Command Injection Detection', 'is_cmdi', NULL, 'block', 1, 1, 'ML-detected command injection', '2026-04-29 21:16:41', '2026-05-01 00:28:19', 1, 3);
/*!40000 ALTER TABLE `rule` ENABLE KEYS */;

-- Dumping structure for table waf_db.traffic_log
CREATE TABLE IF NOT EXISTS `traffic_log` (
  `id` int(11) NOT NULL AUTO_INCREMENT,
  `timestamp` datetime NOT NULL DEFAULT CURRENT_TIMESTAMP,
  `source_ip` varchar(45) COLLATE utf8mb4_unicode_ci NOT NULL,
  `method` varchar(10) COLLATE utf8mb4_unicode_ci NOT NULL,
  `url` varchar(2048) COLLATE utf8mb4_unicode_ci NOT NULL,
  `user_agent` text COLLATE utf8mb4_unicode_ci,
  `request_size` int(11) DEFAULT '0',
  `response_status` int(11) DEFAULT '200',
  `threat_score` int(11) DEFAULT '0',
  `blocked` tinyint(1) NOT NULL DEFAULT '0',
  PRIMARY KEY (`id`)
) ENGINE=InnoDB AUTO_INCREMENT=305 DEFAULT CHARSET=utf8mb4 COLLATE=utf8mb4_unicode_ci;

-- Dumping data for table waf_db.traffic_log: ~288 rows (approximately)
/*!40000 ALTER TABLE `traffic_log` DISABLE KEYS */;
INSERT INTO `traffic_log` (`id`, `timestamp`, `source_ip`, `method`, `url`, `user_agent`, `request_size`, `response_status`, `threat_score`, `blocked`) VALUES
	(1, '2026-04-29 20:19:04', '::1', 'GET', '/example/test4.php?step=2', 'Mozilla/5.0 (Windows NT 10.0; Win64; x64) AppleWebKit/537.36 (KHTML, like Gecko) Chrome/147.0.0.0 Safari/537.36', 0, 200, 0, 0),
	(2, '2026-04-29 20:19:11', '::1', 'GET', '/example/test4.php?step=2', 'Mozilla/5.0 (Windows NT 10.0; Win64; x64) AppleWebKit/537.36 (KHTML, like Gecko) Chrome/147.0.0.0 Safari/537.36', 0, 200, 0, 0),
	(3, '2026-04-29 20:19:15', '::1', 'GET', '/example/test4.php?step=3', 'Mozilla/5.0 (Windows NT 10.0; Win64; x64) AppleWebKit/537.36 (KHTML, like Gecko) Chrome/147.0.0.0 Safari/537.36', 0, 200, 0, 0),
	(4, '2026-04-29 20:20:16', '::1', 'GET', '/example/test4.php?step=5', 'Mozilla/5.0 (Windows NT 10.0; Win64; x64) AppleWebKit/537.36 (KHTML, like Gecko) Chrome/147.0.0.0 Safari/537.36', 0, 200, 0, 0),
	(5, '2026-04-29 21:20:31', '::1', 'GET', '/example/test4.php?step=7', 'Mozilla/5.0 (Windows NT 10.0; Win64; x64) AppleWebKit/537.36 (KHTML, like Gecko) Chrome/147.0.0.0 Safari/537.36', 0, 200, 30, 0),
	(6, '2026-04-29 20:20:42', '::1', 'GET', '/example/test4.php?step=all', 'Mozilla/5.0 (Windows NT 10.0; Win64; x64) AppleWebKit/537.36 (KHTML, like Gecko) Chrome/147.0.0.0 Safari/537.36', 0, 200, 0, 0),
	(7, '2026-04-29 21:20:43', '::1', 'GET', '/example/test4.php?step=all', 'Mozilla/5.0 (Windows NT 10.0; Win64; x64) AppleWebKit/537.36 (KHTML, like Gecko) Chrome/147.0.0.0 Safari/537.36', 0, 200, 33, 0),
	(8, '2026-04-29 23:13:37', '10.146.65.103', 'GET', '/WAF_Design/test_urlattackchecker.php', 'Mozilla/5.0 (Linux; Android 10; K) AppleWebKit/537.36 (KHTML, like Gecko) Chrome/147.0.0.0 Safari/537.36', 0, 200, 45, 0),
	(9, '2026-04-29 23:13:37', '10.146.65.103', 'GET', '/WAF_Design/test_urlattackchecker.php', 'Mozilla/5.0 (Linux; Android 10; K) AppleWebKit/537.36 (KHTML, like Gecko) Chrome/147.0.0.0 Safari/537.36', 0, 200, 0, 0),
	(10, '2026-04-29 23:13:37', '10.146.65.103', 'GET', '/WAF_Design/test_urlattackchecker.php', 'Mozilla/5.0 (Linux; Android 10; K) AppleWebKit/537.36 (KHTML, like Gecko) Chrome/147.0.0.0 Safari/537.36', 0, 200, 90, 1),
	(11, '2026-04-29 23:13:37', '10.146.65.103', 'GET', '/WAF_Design/test_urlattackchecker.php', 'Mozilla/5.0 (Linux; Android 10; K) AppleWebKit/537.36 (KHTML, like Gecko) Chrome/147.0.0.0 Safari/537.36', 0, 200, 99, 1),
	(12, '2026-04-29 23:16:07', '10.146.65.103', 'GET', '/WAF_Design/waf_example.php', 'Mozilla/5.0 (Linux; Android 10; K) AppleWebKit/537.36 (KHTML, like Gecko) Chrome/147.0.0.0 Safari/537.36', 0, 200, 37, 0),
	(13, '2026-04-29 23:17:55', '10.146.65.103', 'GET', '/WAF_Design/waf_example.php', 'Mozilla/5.0 (Linux; Android 10; K) AppleWebKit/537.36 (KHTML, like Gecko) Chrome/147.0.0.0 Safari/537.36', 0, 200, 37, 1),
	(14, '2026-04-29 23:29:21', '10.146.65.103', 'GET', '/WAF_Design/dashboard.php?cmd=;cat%20/etc/passwd;', 'Mozilla/5.0 (Linux; Android 10; K) AppleWebKit/537.36 (KHTML, like Gecko) Chrome/147.0.0.0 Safari/537.36', 0, 200, 39, 0),
	(15, '2026-04-29 23:29:31', '10.146.65.103', 'GET', '/WAF_Design/dashboard.php?cmd=;cat%20/etc/passwd;', 'Mozilla/5.0 (Linux; Android 10; K) AppleWebKit/537.36 (KHTML, like Gecko) Chrome/147.0.0.0 Safari/537.36', 0, 200, 39, 0),
	(16, '2026-04-29 23:29:37', '::1', 'GET', '/WAF_Design/dashboard.php?payload=exec%2520cmd%3D%2522%2Fusr%2Fbin%2Fid%3B%2522--%253E', 'Mozilla/5.0 (Windows NT 10.0; Win64; x64) AppleWebKit/537.36 (KHTML, like Gecko) Chrome/147.0.0.0 Safari/537.36', 0, 200, 12, 0),
	(17, '2026-04-29 23:30:14', '10.146.65.103', 'GET', '/WAF_Design/dashboard.php?cmd=;cat%20/etc/passwd;', 'Mozilla/5.0 (Linux; Android 10; K) AppleWebKit/537.36 (KHTML, like Gecko) Chrome/147.0.0.0 Safari/537.36', 0, 200, 39, 0),
	(18, '2026-04-29 23:30:31', '10.146.65.103', 'GET', '/WAF_Design/dashboard.php?cmd=;cat%20/etc/passwd;', 'Mozilla/5.0 (Linux; Android 10; K) AppleWebKit/537.36 (KHTML, like Gecko) Chrome/147.0.0.0 Safari/537.36', 0, 200, 39, 0),
	(19, '2026-04-29 23:30:44', '::1', 'GET', '/WAF_Design/dashboard.php?payload=exec%2520cmd%3D%2522%2Fusr%2Fbin%2Fid%3B%2522--%253E', 'Mozilla/5.0 (Windows NT 10.0; Win64; x64) AppleWebKit/537.36 (KHTML, like Gecko) Chrome/147.0.0.0 Safari/537.36', 0, 200, 12, 0),
	(20, '2026-04-29 23:31:18', '::1', 'GET', '/WAF_Design/dashboard.php?%20or%201%20%20=%20%201%20--', 'Mozilla/5.0 (Windows NT 10.0; Win64; x64) AppleWebKit/537.36 (KHTML, like Gecko) Chrome/147.0.0.0 Safari/537.36', 0, 200, 88, 1),
	(21, '2026-04-29 23:31:55', '::1', 'GET', '/WAF_Design/dashboard.php', 'Mozilla/5.0 (Windows NT 10.0; Win64; x64) AppleWebKit/537.36 (KHTML, like Gecko) Chrome/147.0.0.0 Safari/537.36', 0, 200, 34, 0),
	(22, '2026-04-29 23:33:52', '::1', 'GET', '/WAF_Design/dashboard.php?%20or%201%20%20=%20%201%20--', 'Mozilla/5.0 (Windows NT 10.0; Win64; x64) AppleWebKit/537.36 (KHTML, like Gecko) Chrome/147.0.0.0 Safari/537.36', 0, 200, 88, 1),
	(23, '2026-04-29 23:34:59', '::1', 'GET', '/WAF_Design/dashboard.php?cmd=&lt;!--', 'Mozilla/5.0 (Windows NT 10.0; Win64; x64) AppleWebKit/537.36 (KHTML, like Gecko) Chrome/147.0.0.0 Safari/537.36', 0, 200, 44, 0),
	(24, '2026-04-29 23:35:10', '::1', 'GET', '/WAF_Design/dashboard.php?%20or%201%20%20=%20%201%20--', 'Mozilla/5.0 (Windows NT 10.0; Win64; x64) AppleWebKit/537.36 (KHTML, like Gecko) Chrome/147.0.0.0 Safari/537.36', 0, 200, 88, 1),
	(25, '2026-04-29 23:43:00', '10.146.65.103', 'GET', '/WAF_Design/traffic-overview.php', 'Mozilla/5.0 (Linux; Android 10; K) AppleWebKit/537.36 (KHTML, like Gecko) Chrome/147.0.0.0 Safari/537.36', 0, 200, 30, 0),
	(26, '2026-04-29 23:43:30', '10.146.65.103', 'GET', '/WAF_Design/security-alerts.php', 'Mozilla/5.0 (Linux; Android 10; K) AppleWebKit/537.36 (KHTML, like Gecko) Chrome/147.0.0.0 Safari/537.36', 0, 200, 41, 0),
	(27, '2026-04-29 23:43:54', '10.146.65.103', 'GET', '/WAF_Design/top-threats.php', 'Mozilla/5.0 (Linux; Android 10; K) AppleWebKit/537.36 (KHTML, like Gecko) Chrome/147.0.0.0 Safari/537.36', 0, 200, 36, 0),
	(28, '2026-04-30 11:26:25', '::1', 'GET', '/WAF_Design/login.php', 'Mozilla/5.0 (Windows NT 10.0; Win64; x64) AppleWebKit/537.36 (KHTML, like Gecko) Chrome/147.0.0.0 Safari/537.36', 0, 200, 39, 0),
	(29, '2026-04-30 11:26:36', '::1', 'POST', '/WAF_Design/login.php', 'Mozilla/5.0 (Windows NT 10.0; Win64; x64) AppleWebKit/537.36 (KHTML, like Gecko) Chrome/147.0.0.0 Safari/537.36', 47, 200, 16, 0),
	(30, '2026-04-30 11:26:38', '::1', 'GET', '/WAF_Design/dashboard.php', 'Mozilla/5.0 (Windows NT 10.0; Win64; x64) AppleWebKit/537.36 (KHTML, like Gecko) Chrome/147.0.0.0 Safari/537.36', 0, 200, 34, 0),
	(31, '2026-04-30 11:26:57', '::1', 'GET', '/WAF_Design/dashboard.php?%20or%201%20%20=%20%201%20--', 'Mozilla/5.0 (Windows NT 10.0; Win64; x64) AppleWebKit/537.36 (KHTML, like Gecko) Chrome/147.0.0.0 Safari/537.36', 0, 200, 88, 1),
	(32, '2026-04-30 11:30:49', '::1', 'GET', '/WAF_Design/dashboard.php?%20or%201%20%20=%20%201%20--', 'Mozilla/5.0 (Windows NT 10.0; Win64; x64) AppleWebKit/537.36 (KHTML, like Gecko) Chrome/147.0.0.0 Safari/537.36', 0, 200, 88, 0),
	(33, '2026-04-30 11:31:09', '::1', 'GET', '/WAF_Design/dashboard.php', 'Mozilla/5.0 (Windows NT 10.0; Win64; x64) AppleWebKit/537.36 (KHTML, like Gecko) Chrome/147.0.0.0 Safari/537.36', 0, 200, 34, 0),
	(34, '2026-04-30 11:31:14', '::1', 'GET', '/WAF_Design/top-threats.php', 'Mozilla/5.0 (Windows NT 10.0; Win64; x64) AppleWebKit/537.36 (KHTML, like Gecko) Chrome/147.0.0.0 Safari/537.36', 0, 200, 36, 0),
	(35, '2026-04-30 11:33:06', '::1', 'GET', '/WAF_Design/settings.php', 'Mozilla/5.0 (Windows NT 10.0; Win64; x64) AppleWebKit/537.36 (KHTML, like Gecko) Chrome/147.0.0.0 Safari/537.36', 0, 200, 42, 0),
	(36, '2026-04-30 17:55:12', '::1', 'GET', '/WAF_Design/login.php', 'Mozilla/5.0 (Windows NT 10.0; Win64; x64) AppleWebKit/537.36 (KHTML, like Gecko) Chrome/147.0.0.0 Safari/537.36', 0, 200, 39, 0),
	(37, '2026-04-30 17:55:24', '::1', 'POST', '/WAF_Design/login.php', 'Mozilla/5.0 (Windows NT 10.0; Win64; x64) AppleWebKit/537.36 (KHTML, like Gecko) Chrome/147.0.0.0 Safari/537.36', 47, 200, 16, 0),
	(38, '2026-04-30 17:55:26', '::1', 'GET', '/WAF_Design/dashboard.php', 'Mozilla/5.0 (Windows NT 10.0; Win64; x64) AppleWebKit/537.36 (KHTML, like Gecko) Chrome/147.0.0.0 Safari/537.36', 0, 200, 34, 0),
	(39, '2026-04-30 18:26:15', '::1', 'GET', '/WAF_Design/dashboard.php', 'Mozilla/5.0 (Windows NT 10.0; Win64; x64) AppleWebKit/537.36 (KHTML, like Gecko) Chrome/147.0.0.0 Safari/537.36', 0, 200, 34, 0),
	(40, '2026-04-30 18:27:42', '::1', 'GET', '/WAF_Design/dashboard.php', 'Mozilla/5.0 (Windows NT 10.0; Win64; x64) AppleWebKit/537.36 (KHTML, like Gecko) Chrome/147.0.0.0 Safari/537.36', 0, 200, 34, 0),
	(41, '2026-04-30 18:33:09', '::1', 'GET', '/WAF_Design/dashboard.php', 'Mozilla/5.0 (Windows NT 10.0; Win64; x64) AppleWebKit/537.36 (KHTML, like Gecko) Chrome/147.0.0.0 Safari/537.36', 0, 200, 34, 0),
	(42, '2026-04-30 18:52:16', '::1', 'GET', '/WAF_Design/dashboard.php', 'Mozilla/5.0 (Windows NT 10.0; Win64; x64) AppleWebKit/537.36 (KHTML, like Gecko) Chrome/147.0.0.0 Safari/537.36', 0, 200, 34, 0),
	(43, '2026-04-30 18:53:47', '::1', 'GET', '/WAF_Design/dashboard.php', 'Mozilla/5.0 (Windows NT 10.0; Win64; x64) AppleWebKit/537.36 (KHTML, like Gecko) Chrome/147.0.0.0 Safari/537.36', 0, 200, 34, 0),
	(44, '2026-04-30 18:55:38', '::1', 'GET', '/WAF_Design/dashboard.php', 'Mozilla/5.0 (Windows NT 10.0; Win64; x64) AppleWebKit/537.36 (KHTML, like Gecko) Chrome/147.0.0.0 Safari/537.36', 0, 200, 34, 0),
	(45, '2026-04-30 19:03:05', '::1', 'GET', '/WAF_Design/dashboard.php', 'Mozilla/5.0 (Windows NT 10.0; Win64; x64) AppleWebKit/537.36 (KHTML, like Gecko) Chrome/147.0.0.0 Safari/537.36', 0, 200, 34, 0),
	(46, '2026-04-30 19:05:00', '::1', 'GET', '/WAF_Design/dashboard.php', 'Mozilla/5.0 (Windows NT 10.0; Win64; x64) AppleWebKit/537.36 (KHTML, like Gecko) Chrome/147.0.0.0 Safari/537.36', 0, 200, 34, 0),
	(47, '2026-04-30 19:06:45', '::1', 'GET', '/WAF_Design/traffic-overview.php', 'Mozilla/5.0 (Windows NT 10.0; Win64; x64) AppleWebKit/537.36 (KHTML, like Gecko) Chrome/147.0.0.0 Safari/537.36', 0, 200, 30, 0),
	(48, '2026-04-30 19:20:27', '10.146.65.103', 'GET', '/WAF_Design/top-threats.php', 'Mozilla/5.0 (Linux; Android 10; K) AppleWebKit/537.36 (KHTML, like Gecko) Chrome/147.0.0.0 Safari/537.36', 0, 200, 36, 0),
	(49, '2026-04-30 19:20:29', '10.146.65.103', 'GET', '/WAF_Design/login.php', 'Mozilla/5.0 (Linux; Android 10; K) AppleWebKit/537.36 (KHTML, like Gecko) Chrome/147.0.0.0 Safari/537.36', 0, 200, 39, 0),
	(50, '2026-04-30 19:20:50', '10.146.65.103', 'POST', '/WAF_Design/login.php', 'Mozilla/5.0 (Linux; Android 10; K) AppleWebKit/537.36 (KHTML, like Gecko) Chrome/147.0.0.0 Safari/537.36', 47, 200, 16, 0),
	(51, '2026-04-30 19:20:52', '10.146.65.103', 'GET', '/WAF_Design/dashboard.php', 'Mozilla/5.0 (Linux; Android 10; K) AppleWebKit/537.36 (KHTML, like Gecko) Chrome/147.0.0.0 Safari/537.36', 0, 200, 34, 0),
	(52, '2026-04-30 19:21:51', '::1', 'GET', '/WAF_Design/dashboard.php', 'Mozilla/5.0 (Windows NT 10.0; Win64; x64) AppleWebKit/537.36 (KHTML, like Gecko) Chrome/147.0.0.0 Safari/537.36', 0, 200, 34, 0),
	(53, '2026-04-30 19:22:52', '10.146.65.103', 'GET', '/WAF_Design/dashboard.php?%20or%201%20%20=%20%201%20--', 'Mozilla/5.0 (Linux; Android 10; K) AppleWebKit/537.36 (KHTML, like Gecko) Chrome/147.0.0.0 Safari/537.36', 0, 200, 88, 0),
	(54, '2026-04-30 19:34:16', '10.146.65.103', 'GET', '/WAF_Design/dashboard.php?%20or%201%20%20=%20%201%20--', 'Mozilla/5.0 (Linux; Android 10; K) AppleWebKit/537.36 (KHTML, like Gecko) Chrome/147.0.0.0 Safari/537.36', 0, 200, 0, 1),
	(55, '2026-04-30 19:34:31', '10.146.65.103', 'GET', '/WAF_Design/dashboard.php?%20or%201%20%20=%20%201%20--', 'Mozilla/5.0 (Linux; Android 10; K) AppleWebKit/537.36 (KHTML, like Gecko) Chrome/147.0.0.0 Safari/537.36', 0, 200, 0, 1),
	(56, '2026-04-30 19:36:59', '::1', 'GET', '/WAF_Design/traffic-overview.php', 'Mozilla/5.0 (Windows NT 10.0; Win64; x64) AppleWebKit/537.36 (KHTML, like Gecko) Chrome/147.0.0.0 Safari/537.36', 0, 200, 30, 0),
	(57, '2026-04-30 19:38:12', '::1', 'GET', '/WAF_Design/security-alerts.php', 'Mozilla/5.0 (Windows NT 10.0; Win64; x64) AppleWebKit/537.36 (KHTML, like Gecko) Chrome/147.0.0.0 Safari/537.36', 0, 200, 41, 0),
	(58, '2026-04-30 19:40:02', '::1', 'GET', '/WAF_Design/traffic-overview.php', 'Mozilla/5.0 (Windows NT 10.0; Win64; x64) AppleWebKit/537.36 (KHTML, like Gecko) Chrome/147.0.0.0 Safari/537.36', 0, 200, 30, 0),
	(59, '2026-04-30 19:43:06', '::1', 'GET', '/WAF_Design/dashboard.php', 'Mozilla/5.0 (Windows NT 10.0; Win64; x64) AppleWebKit/537.36 (KHTML, like Gecko) Chrome/147.0.0.0 Safari/537.36', 0, 200, 34, 0),
	(60, '2026-04-30 19:47:03', '::1', 'GET', '/WAF_Design/dashboard.php', 'Mozilla/5.0 (Windows NT 10.0; Win64; x64) AppleWebKit/537.36 (KHTML, like Gecko) Chrome/147.0.0.0 Safari/537.36', 0, 200, 34, 0),
	(61, '2026-04-30 19:48:29', '::1', 'GET', '/WAF_Design/dashboard.php', 'Mozilla/5.0 (Windows NT 10.0; Win64; x64) AppleWebKit/537.36 (KHTML, like Gecko) Chrome/147.0.0.0 Safari/537.36', 0, 200, 34, 0),
	(62, '2026-04-30 19:49:35', '::1', 'GET', '/WAF_Design/dashboard.php', 'Mozilla/5.0 (Windows NT 10.0; Win64; x64) AppleWebKit/537.36 (KHTML, like Gecko) Chrome/147.0.0.0 Safari/537.36', 0, 200, 34, 0),
	(63, '2026-04-30 19:50:29', '::1', 'GET', '/WAF_Design/traffic-overview.php', 'Mozilla/5.0 (Windows NT 10.0; Win64; x64) AppleWebKit/537.36 (KHTML, like Gecko) Chrome/147.0.0.0 Safari/537.36', 0, 200, 30, 0),
	(64, '2026-04-30 19:50:44', '::1', 'GET', '/WAF_Design/dashboard.php', 'Mozilla/5.0 (Windows NT 10.0; Win64; x64) AppleWebKit/537.36 (KHTML, like Gecko) Chrome/147.0.0.0 Safari/537.36', 0, 200, 34, 0),
	(65, '2026-04-30 19:50:49', '::1', 'GET', '/WAF_Design/traffic-overview.php', 'Mozilla/5.0 (Windows NT 10.0; Win64; x64) AppleWebKit/537.36 (KHTML, like Gecko) Chrome/147.0.0.0 Safari/537.36', 0, 200, 30, 0),
	(66, '2026-04-30 20:03:44', '::1', 'GET', '/WAF_Design/traffic-overview.php', 'Mozilla/5.0 (Windows NT 10.0; Win64; x64) AppleWebKit/537.36 (KHTML, like Gecko) Chrome/147.0.0.0 Safari/537.36', 0, 200, 30, 0),
	(67, '2026-04-30 20:05:48', '::1', 'GET', '/WAF_Design/traffic-overview.php', 'Mozilla/5.0 (Windows NT 10.0; Win64; x64) AppleWebKit/537.36 (KHTML, like Gecko) Chrome/147.0.0.0 Safari/537.36', 0, 200, 30, 0),
	(68, '2026-04-30 20:06:30', '::1', 'GET', '/WAF_Design/traffic-overview.php', 'Mozilla/5.0 (Windows NT 10.0; Win64; x64) AppleWebKit/537.36 (KHTML, like Gecko) Chrome/147.0.0.0 Safari/537.36', 0, 200, 30, 0),
	(69, '2026-04-30 20:07:37', '::1', 'GET', '/WAF_Design/traffic-overview.php', 'Mozilla/5.0 (Windows NT 10.0; Win64; x64) AppleWebKit/537.36 (KHTML, like Gecko) Chrome/147.0.0.0 Safari/537.36', 0, 200, 30, 0),
	(70, '2026-04-30 20:08:59', '::1', 'GET', '/WAF_Design/traffic-overview.php', 'Mozilla/5.0 (Windows NT 10.0; Win64; x64) AppleWebKit/537.36 (KHTML, like Gecko) Chrome/147.0.0.0 Safari/537.36', 0, 200, 30, 0),
	(71, '2026-04-30 20:16:28', '::1', 'GET', '/WAF_Design/traffic-overview.php', 'Mozilla/5.0 (Windows NT 10.0; Win64; x64) AppleWebKit/537.36 (KHTML, like Gecko) Chrome/147.0.0.0 Safari/537.36', 0, 200, 30, 0),
	(72, '2026-04-30 20:16:51', '::1', 'GET', '/WAF_Design/traffic-overview.php', 'Mozilla/5.0 (Windows NT 10.0; Win64; x64) AppleWebKit/537.36 (KHTML, like Gecko) Chrome/147.0.0.0 Safari/537.36', 0, 200, 30, 0),
	(73, '2026-04-30 20:40:30', '::1', 'GET', '/WAF_Design/traffic-overview.php', 'Mozilla/5.0 (Windows NT 10.0; Win64; x64) AppleWebKit/537.36 (KHTML, like Gecko) Chrome/147.0.0.0 Safari/537.36', 0, 200, 30, 0),
	(74, '2026-04-30 20:42:13', '::1', 'GET', '/WAF_Design/security-alerts.php', 'Mozilla/5.0 (Windows NT 10.0; Win64; x64) AppleWebKit/537.36 (KHTML, like Gecko) Chrome/147.0.0.0 Safari/537.36', 0, 200, 41, 0),
	(75, '2026-04-30 20:42:18', '::1', 'GET', '/WAF_Design/traffic-overview.php', 'Mozilla/5.0 (Windows NT 10.0; Win64; x64) AppleWebKit/537.36 (KHTML, like Gecko) Chrome/147.0.0.0 Safari/537.36', 0, 200, 30, 0),
	(76, '2026-04-30 20:46:32', '::1', 'GET', '/WAF_Design/traffic-overview.php', 'Mozilla/5.0 (Windows NT 10.0; Win64; x64) AppleWebKit/537.36 (KHTML, like Gecko) Chrome/147.0.0.0 Safari/537.36', 0, 200, 30, 0),
	(77, '2026-04-30 20:47:00', '::1', 'GET', '/WAF_Design/security-alerts.php', 'Mozilla/5.0 (Windows NT 10.0; Win64; x64) AppleWebKit/537.36 (KHTML, like Gecko) Chrome/147.0.0.0 Safari/537.36', 0, 200, 41, 0),
	(78, '2026-04-30 20:47:28', '::1', 'GET', '/WAF_Design/blocked-attacks.php', 'Mozilla/5.0 (Windows NT 10.0; Win64; x64) AppleWebKit/537.36 (KHTML, like Gecko) Chrome/147.0.0.0 Safari/537.36', 0, 200, 38, 0),
	(79, '2026-04-30 20:47:50', '::1', 'GET', '/WAF_Design/top-threats.php', 'Mozilla/5.0 (Windows NT 10.0; Win64; x64) AppleWebKit/537.36 (KHTML, like Gecko) Chrome/147.0.0.0 Safari/537.36', 0, 200, 36, 0),
	(80, '2026-04-30 20:50:09', '::1', 'GET', '/WAF_Design/security-alerts.php', 'Mozilla/5.0 (Windows NT 10.0; Win64; x64) AppleWebKit/537.36 (KHTML, like Gecko) Chrome/147.0.0.0 Safari/537.36', 0, 200, 41, 0),
	(81, '2026-04-30 20:50:56', '::1', 'GET', '/WAF_Design/security-alerts.php', 'Mozilla/5.0 (Windows NT 10.0; Win64; x64) AppleWebKit/537.36 (KHTML, like Gecko) Chrome/147.0.0.0 Safari/537.36', 0, 200, 41, 0),
	(82, '2026-04-30 20:52:52', '::1', 'GET', '/WAF_Design/security-alerts.php', 'Mozilla/5.0 (Windows NT 10.0; Win64; x64) AppleWebKit/537.36 (KHTML, like Gecko) Chrome/147.0.0.0 Safari/537.36', 0, 200, 41, 0),
	(83, '2026-04-30 20:57:32', '::1', 'GET', '/WAF_Design/security-alerts.php', 'Mozilla/5.0 (Windows NT 10.0; Win64; x64) AppleWebKit/537.36 (KHTML, like Gecko) Chrome/147.0.0.0 Safari/537.36', 0, 200, 41, 0),
	(84, '2026-04-30 20:57:47', '::1', 'GET', '/WAF_Design/security-alerts.php', 'Mozilla/5.0 (Windows NT 10.0; Win64; x64) AppleWebKit/537.36 (KHTML, like Gecko) Chrome/147.0.0.0 Safari/537.36', 0, 200, 41, 0),
	(85, '2026-04-30 21:00:01', '::1', 'GET', '/WAF_Design/security-alerts.php', 'Mozilla/5.0 (Windows NT 10.0; Win64; x64) AppleWebKit/537.36 (KHTML, like Gecko) Chrome/147.0.0.0 Safari/537.36', 0, 200, 41, 0),
	(86, '2026-04-30 21:01:34', '::1', 'GET', '/WAF_Design/security-alerts.php', 'Mozilla/5.0 (Windows NT 10.0; Win64; x64) AppleWebKit/537.36 (KHTML, like Gecko) Chrome/147.0.0.0 Safari/537.36', 0, 200, 41, 0),
	(87, '2026-04-30 21:12:30', '::1', 'GET', '/WAF_Design/security-alerts.php', 'Mozilla/5.0 (Windows NT 10.0; Win64; x64) AppleWebKit/537.36 (KHTML, like Gecko) Chrome/147.0.0.0 Safari/537.36', 0, 200, 41, 0),
	(88, '2026-04-30 21:13:02', '::1', 'GET', '/WAF_Design/security-alerts.php', 'Mozilla/5.0 (Windows NT 10.0; Win64; x64) AppleWebKit/537.36 (KHTML, like Gecko) Chrome/147.0.0.0 Safari/537.36', 0, 200, 41, 0),
	(89, '2026-04-30 21:13:46', '::1', 'GET', '/WAF_Design/security-alerts.php', 'Mozilla/5.0 (Windows NT 10.0; Win64; x64) AppleWebKit/537.36 (KHTML, like Gecko) Chrome/147.0.0.0 Safari/537.36', 0, 200, 41, 0),
	(90, '2026-04-30 21:14:02', '::1', 'GET', '/WAF_Design/security-alerts.php', 'Mozilla/5.0 (Windows NT 10.0; Win64; x64) AppleWebKit/537.36 (KHTML, like Gecko) Chrome/147.0.0.0 Safari/537.36', 0, 200, 41, 0),
	(91, '2026-04-30 21:21:35', '::1', 'GET', '/WAF_Design/security-alerts.php', 'Mozilla/5.0 (Windows NT 10.0; Win64; x64) AppleWebKit/537.36 (KHTML, like Gecko) Chrome/147.0.0.0 Safari/537.36', 0, 200, 41, 0),
	(92, '2026-04-30 21:22:28', '::1', 'GET', '/WAF_Design/security-alerts.php', 'Mozilla/5.0 (Windows NT 10.0; Win64; x64) AppleWebKit/537.36 (KHTML, like Gecko) Chrome/147.0.0.0 Safari/537.36', 0, 200, 41, 0),
	(93, '2026-04-30 21:38:38', '::1', 'GET', '/WAF_Design/security-alerts.php', 'Mozilla/5.0 (Windows NT 10.0; Win64; x64) AppleWebKit/537.36 (KHTML, like Gecko) Chrome/147.0.0.0 Safari/537.36', 0, 200, 41, 0),
	(94, '2026-04-30 21:38:56', '::1', 'POST', '/WAF_Design/api/alert_actions.php', 'Mozilla/5.0 (Windows NT 10.0; Win64; x64) AppleWebKit/537.36 (KHTML, like Gecko) Chrome/147.0.0.0 Safari/537.36', 26, 200, 47, 0),
	(95, '2026-04-30 21:40:34', '::1', 'POST', '/WAF_Design/api/alert_actions.php', 'Mozilla/5.0 (Windows NT 10.0; Win64; x64) AppleWebKit/537.36 (KHTML, like Gecko) Chrome/147.0.0.0 Safari/537.36', 25, 200, 47, 0),
	(96, '2026-04-30 21:40:42', '::1', 'POST', '/WAF_Design/api/alert_actions.php', 'Mozilla/5.0 (Windows NT 10.0; Win64; x64) AppleWebKit/537.36 (KHTML, like Gecko) Chrome/147.0.0.0 Safari/537.36', 25, 200, 46, 0),
	(97, '2026-04-30 21:41:37', '::1', 'GET', '/WAF_Design/security-alerts.php', 'Mozilla/5.0 (Windows NT 10.0; Win64; x64) AppleWebKit/537.36 (KHTML, like Gecko) Chrome/147.0.0.0 Safari/537.36', 0, 200, 41, 0),
	(98, '2026-04-30 21:44:13', '::1', 'GET', '/WAF_Design/security-alerts.php', 'Mozilla/5.0 (Windows NT 10.0; Win64; x64) AppleWebKit/537.36 (KHTML, like Gecko) Chrome/147.0.0.0 Safari/537.36', 0, 200, 41, 0),
	(99, '2026-04-30 21:44:30', '::1', 'GET', '/WAF_Design/security-alerts.php', 'Mozilla/5.0 (Windows NT 10.0; Win64; x64) AppleWebKit/537.36 (KHTML, like Gecko) Chrome/147.0.0.0 Safari/537.36', 0, 200, 41, 0),
	(100, '2026-04-30 21:45:24', '::1', 'GET', '/WAF_Design/security-alerts.php', 'Mozilla/5.0 (Windows NT 10.0; Win64; x64) AppleWebKit/537.36 (KHTML, like Gecko) Chrome/147.0.0.0 Safari/537.36', 0, 200, 41, 0),
	(101, '2026-04-30 21:45:32', '::1', 'POST', '/WAF_Design/api/alert_actions.php', 'Mozilla/5.0 (Windows NT 10.0; Win64; x64) AppleWebKit/537.36 (KHTML, like Gecko) Chrome/147.0.0.0 Safari/537.36', 25, 200, 47, 0),
	(102, '2026-04-30 21:45:39', '::1', 'GET', '/WAF_Design/security-alerts.php', 'Mozilla/5.0 (Windows NT 10.0; Win64; x64) AppleWebKit/537.36 (KHTML, like Gecko) Chrome/147.0.0.0 Safari/537.36', 0, 200, 41, 0),
	(103, '2026-04-30 21:47:12', '::1', 'GET', '/WAF_Design/security-alerts.php', 'Mozilla/5.0 (Windows NT 10.0; Win64; x64) AppleWebKit/537.36 (KHTML, like Gecko) Chrome/147.0.0.0 Safari/537.36', 0, 200, 41, 0),
	(104, '2026-04-30 21:48:04', '::1', 'GET', '/WAF_Design/security-alerts.php', 'Mozilla/5.0 (Windows NT 10.0; Win64; x64) AppleWebKit/537.36 (KHTML, like Gecko) Chrome/147.0.0.0 Safari/537.36', 0, 200, 41, 0),
	(105, '2026-04-30 21:48:52', '::1', 'GET', '/WAF_Design/blocked-attacks.php', 'Mozilla/5.0 (Windows NT 10.0; Win64; x64) AppleWebKit/537.36 (KHTML, like Gecko) Chrome/147.0.0.0 Safari/537.36', 0, 200, 38, 0),
	(106, '2026-04-30 21:55:38', '::1', 'GET', '/WAF_Design/blocked-attacks.php', 'Mozilla/5.0 (Windows NT 10.0; Win64; x64) AppleWebKit/537.36 (KHTML, like Gecko) Chrome/147.0.0.0 Safari/537.36', 0, 200, 38, 0),
	(107, '2026-04-30 21:55:54', '::1', 'GET', '/WAF_Design/blocked-attacks.php', 'Mozilla/5.0 (Windows NT 10.0; Win64; x64) AppleWebKit/537.36 (KHTML, like Gecko) Chrome/147.0.0.0 Safari/537.36', 0, 200, 38, 0),
	(108, '2026-04-30 21:56:15', '::1', 'GET', '/WAF_Design/blocked-attacks.php', 'Mozilla/5.0 (Windows NT 10.0; Win64; x64) AppleWebKit/537.36 (KHTML, like Gecko) Chrome/147.0.0.0 Safari/537.36', 0, 200, 38, 0),
	(109, '2026-04-30 21:56:35', '::1', 'GET', '/WAF_Design/blocked-attacks.php', 'Mozilla/5.0 (Windows NT 10.0; Win64; x64) AppleWebKit/537.36 (KHTML, like Gecko) Chrome/147.0.0.0 Safari/537.36', 0, 200, 38, 0),
	(110, '2026-04-30 21:56:59', '::1', 'GET', '/WAF_Design/blocked-attacks.php', 'Mozilla/5.0 (Windows NT 10.0; Win64; x64) AppleWebKit/537.36 (KHTML, like Gecko) Chrome/147.0.0.0 Safari/537.36', 0, 200, 38, 0),
	(111, '2026-04-30 22:19:44', '::1', 'GET', '/WAF_Design/blocked-attacks.php', 'Mozilla/5.0 (Windows NT 10.0; Win64; x64) AppleWebKit/537.36 (KHTML, like Gecko) Chrome/147.0.0.0 Safari/537.36', 0, 200, 38, 0),
	(112, '2026-04-30 22:20:26', '::1', 'GET', '/WAF_Design/blocked-attacks.php', 'Mozilla/5.0 (Windows NT 10.0; Win64; x64) AppleWebKit/537.36 (KHTML, like Gecko) Chrome/147.0.0.0 Safari/537.36', 0, 200, 38, 0),
	(113, '2026-04-30 22:25:23', '::1', 'GET', '/WAF_Design/blocked-attacks.php', 'Mozilla/5.0 (Windows NT 10.0; Win64; x64) AppleWebKit/537.36 (KHTML, like Gecko) Chrome/147.0.0.0 Safari/537.36', 0, 200, 38, 0),
	(114, '2026-04-30 22:26:46', '::1', 'GET', '/WAF_Design/blocked-attacks.php', 'Mozilla/5.0 (Windows NT 10.0; Win64; x64) AppleWebKit/537.36 (KHTML, like Gecko) Chrome/147.0.0.0 Safari/537.36', 0, 200, 38, 0),
	(115, '2026-04-30 22:27:20', '::1', 'GET', '/WAF_Design/blocked-attacks.php', 'Mozilla/5.0 (Windows NT 10.0; Win64; x64) AppleWebKit/537.36 (KHTML, like Gecko) Chrome/147.0.0.0 Safari/537.36', 0, 200, 38, 0),
	(116, '2026-04-30 22:28:26', '::1', 'GET', '/WAF_Design/blocked-attacks.php', 'Mozilla/5.0 (Windows NT 10.0; Win64; x64) AppleWebKit/537.36 (KHTML, like Gecko) Chrome/147.0.0.0 Safari/537.36', 0, 200, 38, 0),
	(117, '2026-04-30 22:32:30', '::1', 'GET', '/WAF_Design/blocked-attacks.php', 'Mozilla/5.0 (Windows NT 10.0; Win64; x64) AppleWebKit/537.36 (KHTML, like Gecko) Chrome/147.0.0.0 Safari/537.36', 0, 200, 38, 0),
	(118, '2026-04-30 22:34:25', '::1', 'GET', '/WAF_Design/blocked-attacks.php', 'Mozilla/5.0 (Windows NT 10.0; Win64; x64) AppleWebKit/537.36 (KHTML, like Gecko) Chrome/147.0.0.0 Safari/537.36', 0, 200, 38, 0),
	(119, '2026-04-30 22:35:20', '::1', 'GET', '/WAF_Design/blocked-attacks.php', 'Mozilla/5.0 (Windows NT 10.0; Win64; x64) AppleWebKit/537.36 (KHTML, like Gecko) Chrome/147.0.0.0 Safari/537.36', 0, 200, 38, 0),
	(120, '2026-04-30 22:36:56', '::1', 'GET', '/WAF_Design/blocked-attacks.php', 'Mozilla/5.0 (Windows NT 10.0; Win64; x64) AppleWebKit/537.36 (KHTML, like Gecko) Chrome/147.0.0.0 Safari/537.36', 0, 200, 38, 0),
	(121, '2026-04-30 22:46:56', '::1', 'GET', '/WAF_Design/blocked-attacks.php', 'Mozilla/5.0 (Windows NT 10.0; Win64; x64) AppleWebKit/537.36 (KHTML, like Gecko) Chrome/147.0.0.0 Safari/537.36', 0, 200, 38, 0),
	(122, '2026-04-30 22:50:33', '::1', 'GET', '/WAF_Design/blocked-attacks.php', 'Mozilla/5.0 (Windows NT 10.0; Win64; x64) AppleWebKit/537.36 (KHTML, like Gecko) Chrome/147.0.0.0 Safari/537.36', 0, 200, 38, 0),
	(123, '2026-04-30 22:50:58', '::1', 'POST', '/WAF_Design/api/block_actions.php', 'Mozilla/5.0 (Windows NT 10.0; Win64; x64) AppleWebKit/537.36 (KHTML, like Gecko) Chrome/147.0.0.0 Safari/537.36', 43, 200, 20, 0),
	(124, '2026-04-30 22:51:06', '::1', 'POST', '/WAF_Design/api/block_actions.php', 'Mozilla/5.0 (Windows NT 10.0; Win64; x64) AppleWebKit/537.36 (KHTML, like Gecko) Chrome/147.0.0.0 Safari/537.36', 43, 200, 20, 0),
	(125, '2026-04-30 22:51:09', '::1', 'POST', '/WAF_Design/api/block_actions.php', 'Mozilla/5.0 (Windows NT 10.0; Win64; x64) AppleWebKit/537.36 (KHTML, like Gecko) Chrome/147.0.0.0 Safari/537.36', 43, 200, 20, 0),
	(126, '2026-04-30 22:51:11', '::1', 'POST', '/WAF_Design/api/block_actions.php', 'Mozilla/5.0 (Windows NT 10.0; Win64; x64) AppleWebKit/537.36 (KHTML, like Gecko) Chrome/147.0.0.0 Safari/537.36', 43, 200, 20, 0),
	(127, '2026-04-30 22:51:15', '::1', 'POST', '/WAF_Design/api/block_actions.php', 'Mozilla/5.0 (Windows NT 10.0; Win64; x64) AppleWebKit/537.36 (KHTML, like Gecko) Chrome/147.0.0.0 Safari/537.36', 43, 200, 20, 0),
	(128, '2026-04-30 22:51:16', '::1', 'POST', '/WAF_Design/api/block_actions.php', 'Mozilla/5.0 (Windows NT 10.0; Win64; x64) AppleWebKit/537.36 (KHTML, like Gecko) Chrome/147.0.0.0 Safari/537.36', 43, 200, 20, 0),
	(129, '2026-04-30 22:51:17', '::1', 'POST', '/WAF_Design/api/block_actions.php', 'Mozilla/5.0 (Windows NT 10.0; Win64; x64) AppleWebKit/537.36 (KHTML, like Gecko) Chrome/147.0.0.0 Safari/537.36', 43, 200, 20, 0),
	(130, '2026-04-30 22:51:18', '::1', 'POST', '/WAF_Design/api/block_actions.php', 'Mozilla/5.0 (Windows NT 10.0; Win64; x64) AppleWebKit/537.36 (KHTML, like Gecko) Chrome/147.0.0.0 Safari/537.36', 43, 200, 20, 0),
	(131, '2026-04-30 22:51:19', '::1', 'POST', '/WAF_Design/api/block_actions.php', 'Mozilla/5.0 (Windows NT 10.0; Win64; x64) AppleWebKit/537.36 (KHTML, like Gecko) Chrome/147.0.0.0 Safari/537.36', 43, 200, 20, 0),
	(132, '2026-04-30 22:51:20', '::1', 'POST', '/WAF_Design/api/block_actions.php', 'Mozilla/5.0 (Windows NT 10.0; Win64; x64) AppleWebKit/537.36 (KHTML, like Gecko) Chrome/147.0.0.0 Safari/537.36', 52, 200, 23, 0),
	(133, '2026-04-30 22:51:34', '::1', 'POST', '/WAF_Design/api/block_actions.php', 'Mozilla/5.0 (Windows NT 10.0; Win64; x64) AppleWebKit/537.36 (KHTML, like Gecko) Chrome/147.0.0.0 Safari/537.36', 43, 200, 20, 0),
	(134, '2026-04-30 22:51:48', '::1', 'POST', '/WAF_Design/api/block_actions.php', 'Mozilla/5.0 (Windows NT 10.0; Win64; x64) AppleWebKit/537.36 (KHTML, like Gecko) Chrome/147.0.0.0 Safari/537.36', 52, 200, 23, 0),
	(135, '2026-04-30 22:51:52', '::1', 'POST', '/WAF_Design/api/block_actions.php', 'Mozilla/5.0 (Windows NT 10.0; Win64; x64) AppleWebKit/537.36 (KHTML, like Gecko) Chrome/147.0.0.0 Safari/537.36', 52, 200, 23, 0),
	(136, '2026-04-30 22:52:04', '::1', 'POST', '/WAF_Design/api/block_actions.php', 'Mozilla/5.0 (Windows NT 10.0; Win64; x64) AppleWebKit/537.36 (KHTML, like Gecko) Chrome/147.0.0.0 Safari/537.36', 52, 200, 23, 0),
	(137, '2026-04-30 22:52:11', '::1', 'POST', '/WAF_Design/api/block_actions.php', 'Mozilla/5.0 (Windows NT 10.0; Win64; x64) AppleWebKit/537.36 (KHTML, like Gecko) Chrome/147.0.0.0 Safari/537.36', 52, 200, 23, 0),
	(138, '2026-04-30 22:55:16', '::1', 'GET', '/WAF_Design/blocked-attacks.php', 'Mozilla/5.0 (Windows NT 10.0; Win64; x64) AppleWebKit/537.36 (KHTML, like Gecko) Chrome/147.0.0.0 Safari/537.36', 0, 200, 38, 0),
	(139, '2026-04-30 22:55:27', '::1', 'POST', '/WAF_Design/api/block_actions.php', 'Mozilla/5.0 (Windows NT 10.0; Win64; x64) AppleWebKit/537.36 (KHTML, like Gecko) Chrome/147.0.0.0 Safari/537.36', 43, 200, 20, 0),
	(140, '2026-04-30 22:55:30', '::1', 'POST', '/WAF_Design/api/block_actions.php', 'Mozilla/5.0 (Windows NT 10.0; Win64; x64) AppleWebKit/537.36 (KHTML, like Gecko) Chrome/147.0.0.0 Safari/537.36', 43, 200, 20, 0),
	(141, '2026-04-30 22:55:31', '::1', 'POST', '/WAF_Design/api/block_actions.php', 'Mozilla/5.0 (Windows NT 10.0; Win64; x64) AppleWebKit/537.36 (KHTML, like Gecko) Chrome/147.0.0.0 Safari/537.36', 43, 200, 20, 0),
	(142, '2026-04-30 22:55:32', '::1', 'POST', '/WAF_Design/api/block_actions.php', 'Mozilla/5.0 (Windows NT 10.0; Win64; x64) AppleWebKit/537.36 (KHTML, like Gecko) Chrome/147.0.0.0 Safari/537.36', 43, 200, 20, 0),
	(143, '2026-04-30 22:55:33', '::1', 'POST', '/WAF_Design/api/block_actions.php', 'Mozilla/5.0 (Windows NT 10.0; Win64; x64) AppleWebKit/537.36 (KHTML, like Gecko) Chrome/147.0.0.0 Safari/537.36', 43, 200, 20, 0),
	(144, '2026-04-30 22:55:34', '::1', 'POST', '/WAF_Design/api/block_actions.php', 'Mozilla/5.0 (Windows NT 10.0; Win64; x64) AppleWebKit/537.36 (KHTML, like Gecko) Chrome/147.0.0.0 Safari/537.36', 43, 200, 20, 0),
	(145, '2026-04-30 22:55:35', '::1', 'POST', '/WAF_Design/api/block_actions.php', 'Mozilla/5.0 (Windows NT 10.0; Win64; x64) AppleWebKit/537.36 (KHTML, like Gecko) Chrome/147.0.0.0 Safari/537.36', 43, 200, 20, 0),
	(146, '2026-04-30 22:55:36', '::1', 'POST', '/WAF_Design/api/block_actions.php', 'Mozilla/5.0 (Windows NT 10.0; Win64; x64) AppleWebKit/537.36 (KHTML, like Gecko) Chrome/147.0.0.0 Safari/537.36', 43, 200, 20, 0),
	(147, '2026-04-30 22:55:37', '::1', 'POST', '/WAF_Design/api/block_actions.php', 'Mozilla/5.0 (Windows NT 10.0; Win64; x64) AppleWebKit/537.36 (KHTML, like Gecko) Chrome/147.0.0.0 Safari/537.36', 43, 200, 20, 0),
	(148, '2026-04-30 22:55:38', '::1', 'POST', '/WAF_Design/api/block_actions.php', 'Mozilla/5.0 (Windows NT 10.0; Win64; x64) AppleWebKit/537.36 (KHTML, like Gecko) Chrome/147.0.0.0 Safari/537.36', 43, 200, 20, 0),
	(149, '2026-04-30 22:55:39', '::1', 'POST', '/WAF_Design/api/block_actions.php', 'Mozilla/5.0 (Windows NT 10.0; Win64; x64) AppleWebKit/537.36 (KHTML, like Gecko) Chrome/147.0.0.0 Safari/537.36', 43, 200, 20, 0),
	(150, '2026-04-30 22:55:41', '::1', 'POST', '/WAF_Design/api/block_actions.php', 'Mozilla/5.0 (Windows NT 10.0; Win64; x64) AppleWebKit/537.36 (KHTML, like Gecko) Chrome/147.0.0.0 Safari/537.36', 43, 200, 20, 0),
	(151, '2026-04-30 22:55:42', '::1', 'POST', '/WAF_Design/api/block_actions.php', 'Mozilla/5.0 (Windows NT 10.0; Win64; x64) AppleWebKit/537.36 (KHTML, like Gecko) Chrome/147.0.0.0 Safari/537.36', 43, 200, 20, 0),
	(152, '2026-04-30 22:55:43', '::1', 'POST', '/WAF_Design/api/block_actions.php', 'Mozilla/5.0 (Windows NT 10.0; Win64; x64) AppleWebKit/537.36 (KHTML, like Gecko) Chrome/147.0.0.0 Safari/537.36', 43, 200, 20, 0),
	(153, '2026-04-30 22:55:44', '::1', 'POST', '/WAF_Design/api/block_actions.php', 'Mozilla/5.0 (Windows NT 10.0; Win64; x64) AppleWebKit/537.36 (KHTML, like Gecko) Chrome/147.0.0.0 Safari/537.36', 43, 200, 20, 0),
	(154, '2026-04-30 22:55:45', '::1', 'POST', '/WAF_Design/api/block_actions.php', 'Mozilla/5.0 (Windows NT 10.0; Win64; x64) AppleWebKit/537.36 (KHTML, like Gecko) Chrome/147.0.0.0 Safari/537.36', 43, 200, 20, 0),
	(155, '2026-04-30 22:55:47', '::1', 'POST', '/WAF_Design/api/block_actions.php', 'Mozilla/5.0 (Windows NT 10.0; Win64; x64) AppleWebKit/537.36 (KHTML, like Gecko) Chrome/147.0.0.0 Safari/537.36', 43, 200, 20, 0),
	(156, '2026-04-30 22:55:48', '::1', 'POST', '/WAF_Design/api/block_actions.php', 'Mozilla/5.0 (Windows NT 10.0; Win64; x64) AppleWebKit/537.36 (KHTML, like Gecko) Chrome/147.0.0.0 Safari/537.36', 43, 200, 20, 0),
	(157, '2026-04-30 22:55:49', '::1', 'POST', '/WAF_Design/api/block_actions.php', 'Mozilla/5.0 (Windows NT 10.0; Win64; x64) AppleWebKit/537.36 (KHTML, like Gecko) Chrome/147.0.0.0 Safari/537.36', 43, 200, 20, 0),
	(158, '2026-04-30 22:55:50', '::1', 'POST', '/WAF_Design/api/block_actions.php', 'Mozilla/5.0 (Windows NT 10.0; Win64; x64) AppleWebKit/537.36 (KHTML, like Gecko) Chrome/147.0.0.0 Safari/537.36', 43, 200, 20, 0),
	(159, '2026-04-30 22:55:51', '::1', 'POST', '/WAF_Design/api/block_actions.php', 'Mozilla/5.0 (Windows NT 10.0; Win64; x64) AppleWebKit/537.36 (KHTML, like Gecko) Chrome/147.0.0.0 Safari/537.36', 43, 200, 20, 0),
	(160, '2026-04-30 22:55:52', '::1', 'POST', '/WAF_Design/api/block_actions.php', 'Mozilla/5.0 (Windows NT 10.0; Win64; x64) AppleWebKit/537.36 (KHTML, like Gecko) Chrome/147.0.0.0 Safari/537.36', 43, 200, 20, 0),
	(161, '2026-04-30 22:55:53', '::1', 'POST', '/WAF_Design/api/block_actions.php', 'Mozilla/5.0 (Windows NT 10.0; Win64; x64) AppleWebKit/537.36 (KHTML, like Gecko) Chrome/147.0.0.0 Safari/537.36', 43, 200, 20, 0),
	(162, '2026-04-30 22:55:54', '::1', 'POST', '/WAF_Design/api/block_actions.php', 'Mozilla/5.0 (Windows NT 10.0; Win64; x64) AppleWebKit/537.36 (KHTML, like Gecko) Chrome/147.0.0.0 Safari/537.36', 43, 200, 20, 0),
	(163, '2026-04-30 22:55:55', '::1', 'POST', '/WAF_Design/api/block_actions.php', 'Mozilla/5.0 (Windows NT 10.0; Win64; x64) AppleWebKit/537.36 (KHTML, like Gecko) Chrome/147.0.0.0 Safari/537.36', 43, 200, 20, 0),
	(164, '2026-04-30 22:55:56', '::1', 'POST', '/WAF_Design/api/block_actions.php', 'Mozilla/5.0 (Windows NT 10.0; Win64; x64) AppleWebKit/537.36 (KHTML, like Gecko) Chrome/147.0.0.0 Safari/537.36', 46, 200, 18, 0),
	(165, '2026-04-30 22:55:57', '::1', 'POST', '/WAF_Design/api/block_actions.php', 'Mozilla/5.0 (Windows NT 10.0; Win64; x64) AppleWebKit/537.36 (KHTML, like Gecko) Chrome/147.0.0.0 Safari/537.36', 46, 200, 18, 0),
	(166, '2026-04-30 22:55:58', '::1', 'POST', '/WAF_Design/api/block_actions.php', 'Mozilla/5.0 (Windows NT 10.0; Win64; x64) AppleWebKit/537.36 (KHTML, like Gecko) Chrome/147.0.0.0 Safari/537.36', 46, 200, 18, 0),
	(167, '2026-04-30 22:55:59', '::1', 'POST', '/WAF_Design/api/block_actions.php', 'Mozilla/5.0 (Windows NT 10.0; Win64; x64) AppleWebKit/537.36 (KHTML, like Gecko) Chrome/147.0.0.0 Safari/537.36', 43, 200, 20, 0),
	(168, '2026-04-30 22:56:00', '::1', 'POST', '/WAF_Design/api/block_actions.php', 'Mozilla/5.0 (Windows NT 10.0; Win64; x64) AppleWebKit/537.36 (KHTML, like Gecko) Chrome/147.0.0.0 Safari/537.36', 43, 200, 20, 0),
	(169, '2026-04-30 22:56:01', '::1', 'POST', '/WAF_Design/api/block_actions.php', 'Mozilla/5.0 (Windows NT 10.0; Win64; x64) AppleWebKit/537.36 (KHTML, like Gecko) Chrome/147.0.0.0 Safari/537.36', 43, 200, 20, 0),
	(170, '2026-04-30 22:56:58', '::1', 'GET', '/WAF_Design/blocked-attacks.php', 'Mozilla/5.0 (Windows NT 10.0; Win64; x64) AppleWebKit/537.36 (KHTML, like Gecko) Chrome/147.0.0.0 Safari/537.36', 0, 200, 38, 0),
	(171, '2026-04-30 22:57:04', '::1', 'POST', '/WAF_Design/api/block_actions.php', 'Mozilla/5.0 (Windows NT 10.0; Win64; x64) AppleWebKit/537.36 (KHTML, like Gecko) Chrome/147.0.0.0 Safari/537.36', 43, 200, 20, 0),
	(172, '2026-04-30 22:57:05', '::1', 'POST', '/WAF_Design/api/block_actions.php', 'Mozilla/5.0 (Windows NT 10.0; Win64; x64) AppleWebKit/537.36 (KHTML, like Gecko) Chrome/147.0.0.0 Safari/537.36', 43, 200, 20, 0),
	(173, '2026-04-30 22:57:06', '::1', 'POST', '/WAF_Design/api/block_actions.php', 'Mozilla/5.0 (Windows NT 10.0; Win64; x64) AppleWebKit/537.36 (KHTML, like Gecko) Chrome/147.0.0.0 Safari/537.36', 43, 200, 20, 0),
	(174, '2026-04-30 22:57:07', '::1', 'POST', '/WAF_Design/api/block_actions.php', 'Mozilla/5.0 (Windows NT 10.0; Win64; x64) AppleWebKit/537.36 (KHTML, like Gecko) Chrome/147.0.0.0 Safari/537.36', 43, 200, 20, 0),
	(175, '2026-04-30 22:57:08', '::1', 'POST', '/WAF_Design/api/block_actions.php', 'Mozilla/5.0 (Windows NT 10.0; Win64; x64) AppleWebKit/537.36 (KHTML, like Gecko) Chrome/147.0.0.0 Safari/537.36', 43, 200, 20, 0),
	(176, '2026-04-30 22:57:09', '::1', 'POST', '/WAF_Design/api/block_actions.php', 'Mozilla/5.0 (Windows NT 10.0; Win64; x64) AppleWebKit/537.36 (KHTML, like Gecko) Chrome/147.0.0.0 Safari/537.36', 43, 200, 20, 0),
	(177, '2026-04-30 22:57:10', '::1', 'POST', '/WAF_Design/api/block_actions.php', 'Mozilla/5.0 (Windows NT 10.0; Win64; x64) AppleWebKit/537.36 (KHTML, like Gecko) Chrome/147.0.0.0 Safari/537.36', 43, 200, 20, 0),
	(178, '2026-04-30 22:57:11', '::1', 'POST', '/WAF_Design/api/block_actions.php', 'Mozilla/5.0 (Windows NT 10.0; Win64; x64) AppleWebKit/537.36 (KHTML, like Gecko) Chrome/147.0.0.0 Safari/537.36', 43, 200, 20, 0),
	(179, '2026-04-30 22:57:12', '::1', 'POST', '/WAF_Design/api/block_actions.php', 'Mozilla/5.0 (Windows NT 10.0; Win64; x64) AppleWebKit/537.36 (KHTML, like Gecko) Chrome/147.0.0.0 Safari/537.36', 43, 200, 20, 0),
	(180, '2026-04-30 23:02:03', '::1', 'GET', '/WAF_Design/blocked-attacks.php', 'Mozilla/5.0 (Windows NT 10.0; Win64; x64) AppleWebKit/537.36 (KHTML, like Gecko) Chrome/147.0.0.0 Safari/537.36', 0, 200, 38, 0),
	(181, '2026-04-30 23:02:14', '::1', 'POST', '/WAF_Design/api/block_actions.php', 'Mozilla/5.0 (Windows NT 10.0; Win64; x64) AppleWebKit/537.36 (KHTML, like Gecko) Chrome/147.0.0.0 Safari/537.36', 52, 200, 22, 0),
	(182, '2026-04-30 23:02:21', '::1', 'POST', '/WAF_Design/api/block_actions.php', 'Mozilla/5.0 (Windows NT 10.0; Win64; x64) AppleWebKit/537.36 (KHTML, like Gecko) Chrome/147.0.0.0 Safari/537.36', 46, 200, 17, 0),
	(183, '2026-04-30 23:02:26', '::1', 'GET', '/WAF_Design/blocked-attacks.php', 'Mozilla/5.0 (Windows NT 10.0; Win64; x64) AppleWebKit/537.36 (KHTML, like Gecko) Chrome/147.0.0.0 Safari/537.36', 0, 200, 38, 0),
	(184, '2026-04-30 23:02:35', '::1', 'GET', '/WAF_Design/dashboard.php', 'Mozilla/5.0 (Windows NT 10.0; Win64; x64) AppleWebKit/537.36 (KHTML, like Gecko) Chrome/147.0.0.0 Safari/537.36', 0, 200, 34, 0),
	(185, '2026-04-30 23:02:42', '::1', 'GET', '/WAF_Design/blocked-attacks.php', 'Mozilla/5.0 (Windows NT 10.0; Win64; x64) AppleWebKit/537.36 (KHTML, like Gecko) Chrome/147.0.0.0 Safari/537.36', 0, 200, 38, 0),
	(186, '2026-04-30 23:03:27', '::1', 'GET', '/WAF_Design/blocked-attacks.php', 'Mozilla/5.0 (Windows NT 10.0; Win64; x64) AppleWebKit/537.36 (KHTML, like Gecko) Chrome/147.0.0.0 Safari/537.36', 0, 200, 38, 0),
	(187, '2026-04-30 23:03:39', '::1', 'POST', '/WAF_Design/api/block_actions.php', 'Mozilla/5.0 (Windows NT 10.0; Win64; x64) AppleWebKit/537.36 (KHTML, like Gecko) Chrome/147.0.0.0 Safari/537.36', 46, 200, 18, 0),
	(188, '2026-04-30 23:03:45', '::1', 'GET', '/WAF_Design/blocked-attacks.php', 'Mozilla/5.0 (Windows NT 10.0; Win64; x64) AppleWebKit/537.36 (KHTML, like Gecko) Chrome/147.0.0.0 Safari/537.36', 0, 200, 38, 0),
	(189, '2026-04-30 23:04:08', '::1', 'POST', '/WAF_Design/api/block_actions.php', 'Mozilla/5.0 (Windows NT 10.0; Win64; x64) AppleWebKit/537.36 (KHTML, like Gecko) Chrome/147.0.0.0 Safari/537.36', 44, 200, 20, 0),
	(190, '2026-04-30 23:04:38', '::1', 'GET', '/WAF_Design/blocked-attacks.php', 'Mozilla/5.0 (Windows NT 10.0; Win64; x64) AppleWebKit/537.36 (KHTML, like Gecko) Chrome/147.0.0.0 Safari/537.36', 0, 200, 0, 1),
	(191, '2026-04-30 23:05:07', '::1', 'GET', '/WAF_Design/blocked-attacks.php', 'Mozilla/5.0 (Windows NT 10.0; Win64; x64) AppleWebKit/537.36 (KHTML, like Gecko) Chrome/147.0.0.0 Safari/537.36', 0, 200, 38, 0),
	(192, '2026-04-30 23:05:16', '::1', 'POST', '/WAF_Design/api/block_actions.php', 'Mozilla/5.0 (Windows NT 10.0; Win64; x64) AppleWebKit/537.36 (KHTML, like Gecko) Chrome/147.0.0.0 Safari/537.36', 46, 200, 17, 0),
	(193, '2026-04-30 23:05:21', '::1', 'GET', '/WAF_Design/blocked-attacks.php', 'Mozilla/5.0 (Windows NT 10.0; Win64; x64) AppleWebKit/537.36 (KHTML, like Gecko) Chrome/147.0.0.0 Safari/537.36', 0, 200, 38, 0),
	(194, '2026-04-30 23:05:46', '::1', 'POST', '/WAF_Design/api/block_actions.php', 'Mozilla/5.0 (Windows NT 10.0; Win64; x64) AppleWebKit/537.36 (KHTML, like Gecko) Chrome/147.0.0.0 Safari/537.36', 44, 200, 19, 0),
	(195, '2026-04-30 23:05:53', '::1', 'GET', '/WAF_Design/blocked-attacks.php', 'Mozilla/5.0 (Windows NT 10.0; Win64; x64) AppleWebKit/537.36 (KHTML, like Gecko) Chrome/147.0.0.0 Safari/537.36', 0, 200, 0, 1),
	(196, '2026-04-30 23:06:16', '::1', 'GET', '/WAF_Design/blocked-attacks.php', 'Mozilla/5.0 (Windows NT 10.0; Win64; x64) AppleWebKit/537.36 (KHTML, like Gecko) Chrome/147.0.0.0 Safari/537.36', 0, 200, 38, 0),
	(197, '2026-04-30 23:06:41', '::1', 'POST', '/WAF_Design/api/block_actions.php', 'Mozilla/5.0 (Windows NT 10.0; Win64; x64) AppleWebKit/537.36 (KHTML, like Gecko) Chrome/147.0.0.0 Safari/537.36', 50, 200, 25, 0),
	(198, '2026-04-30 23:06:51', '::1', 'GET', '/WAF_Design/blocked-attacks.php', 'Mozilla/5.0 (Windows NT 10.0; Win64; x64) AppleWebKit/537.36 (KHTML, like Gecko) Chrome/147.0.0.0 Safari/537.36', 0, 200, 38, 0),
	(199, '2026-04-30 23:07:50', '::1', 'GET', '/WAF_Design/blocked-attacks.php', 'Mozilla/5.0 (Windows NT 10.0; Win64; x64) AppleWebKit/537.36 (KHTML, like Gecko) Chrome/147.0.0.0 Safari/537.36', 0, 200, 38, 0),
	(200, '2026-04-30 23:08:32', '::1', 'GET', '/WAF_Design/settings.php', 'Mozilla/5.0 (Windows NT 10.0; Win64; x64) AppleWebKit/537.36 (KHTML, like Gecko) Chrome/147.0.0.0 Safari/537.36', 0, 200, 42, 0),
	(201, '2026-04-30 23:08:33', '::1', 'GET', '/WAF_Design/settings.php', 'Mozilla/5.0 (Windows NT 10.0; Win64; x64) AppleWebKit/537.36 (KHTML, like Gecko) Chrome/147.0.0.0 Safari/537.36', 0, 200, 42, 0),
	(202, '2026-04-30 23:24:41', '::1', 'GET', '/WAF_Design/settings.php', 'Mozilla/5.0 (Windows NT 10.0; Win64; x64) AppleWebKit/537.36 (KHTML, like Gecko) Chrome/147.0.0.0 Safari/537.36', 0, 200, 42, 0),
	(203, '2026-04-30 23:24:44', '::1', 'POST', '/WAF_Design/api/settings_actions.php', 'Mozilla/5.0 (Windows NT 10.0; Win64; x64) AppleWebKit/537.36 (KHTML, like Gecko) Chrome/147.0.0.0 Safari/537.36', 22, 200, 45, 0),
	(204, '2026-04-30 23:24:46', '::1', 'POST', '/WAF_Design/api/settings_actions.php', 'Mozilla/5.0 (Windows NT 10.0; Win64; x64) AppleWebKit/537.36 (KHTML, like Gecko) Chrome/147.0.0.0 Safari/537.36', 22, 200, 45, 0),
	(205, '2026-04-30 23:24:47', '::1', 'POST', '/WAF_Design/api/settings_actions.php', 'Mozilla/5.0 (Windows NT 10.0; Win64; x64) AppleWebKit/537.36 (KHTML, like Gecko) Chrome/147.0.0.0 Safari/537.36', 28, 200, 46, 0),
	(206, '2026-04-30 23:24:48', '::1', 'POST', '/WAF_Design/api/settings_actions.php', 'Mozilla/5.0 (Windows NT 10.0; Win64; x64) AppleWebKit/537.36 (KHTML, like Gecko) Chrome/147.0.0.0 Safari/537.36', 22, 200, 46, 0),
	(207, '2026-04-30 23:24:52', '::1', 'POST', '/WAF_Design/api/settings_actions.php', 'Mozilla/5.0 (Windows NT 10.0; Win64; x64) AppleWebKit/537.36 (KHTML, like Gecko) Chrome/147.0.0.0 Safari/537.36', 41, 200, 45, 0),
	(208, '2026-04-30 23:25:42', '::1', 'POST', '/WAF_Design/api/settings_actions.php', 'Mozilla/5.0 (Windows NT 10.0; Win64; x64) AppleWebKit/537.36 (KHTML, like Gecko) Chrome/147.0.0.0 Safari/537.36', 100, 200, 40, 0),
	(209, '2026-04-30 23:25:45', '::1', 'POST', '/WAF_Design/api/settings_actions.php', 'Mozilla/5.0 (Windows NT 10.0; Win64; x64) AppleWebKit/537.36 (KHTML, like Gecko) Chrome/147.0.0.0 Safari/537.36', 22, 200, 46, 0),
	(210, '2026-04-30 23:28:18', '::1', 'POST', '/WAF_Design/api/settings_actions.php', 'Mozilla/5.0 (Windows NT 10.0; Win64; x64) AppleWebKit/537.36 (KHTML, like Gecko) Chrome/147.0.0.0 Safari/537.36', 40, 200, 45, 0),
	(211, '2026-04-30 23:30:48', '::1', 'GET', '/WAF_Design/settings.php', 'Mozilla/5.0 (Windows NT 10.0; Win64; x64) AppleWebKit/537.36 (KHTML, like Gecko) Chrome/147.0.0.0 Safari/537.36', 0, 200, 42, 0),
	(212, '2026-04-30 23:30:51', '::1', 'POST', '/WAF_Design/api/settings_actions.php', 'Mozilla/5.0 (Windows NT 10.0; Win64; x64) AppleWebKit/537.36 (KHTML, like Gecko) Chrome/147.0.0.0 Safari/537.36', 22, 200, 45, 0),
	(213, '2026-04-30 23:30:52', '::1', 'POST', '/WAF_Design/api/settings_actions.php', 'Mozilla/5.0 (Windows NT 10.0; Win64; x64) AppleWebKit/537.36 (KHTML, like Gecko) Chrome/147.0.0.0 Safari/537.36', 28, 200, 46, 0),
	(214, '2026-04-30 23:30:54', '::1', 'POST', '/WAF_Design/api/settings_actions.php', 'Mozilla/5.0 (Windows NT 10.0; Win64; x64) AppleWebKit/537.36 (KHTML, like Gecko) Chrome/147.0.0.0 Safari/537.36', 22, 200, 46, 0),
	(215, '2026-04-30 23:31:23', '::1', 'GET', '/WAF_Design/dashboard.php', 'Mozilla/5.0 (Windows NT 10.0; Win64; x64) AppleWebKit/537.36 (KHTML, like Gecko) Chrome/147.0.0.0 Safari/537.36', 0, 200, 34, 0),
	(216, '2026-04-30 23:31:37', '::1', 'GET', '/WAF_Design/traffic-overview.php', 'Mozilla/5.0 (Windows NT 10.0; Win64; x64) AppleWebKit/537.36 (KHTML, like Gecko) Chrome/147.0.0.0 Safari/537.36', 0, 200, 30, 0),
	(217, '2026-04-30 23:31:42', '::1', 'GET', '/WAF_Design/security-alerts.php', 'Mozilla/5.0 (Windows NT 10.0; Win64; x64) AppleWebKit/537.36 (KHTML, like Gecko) Chrome/147.0.0.0 Safari/537.36', 0, 200, 41, 0),
	(218, '2026-04-30 23:31:46', '::1', 'GET', '/WAF_Design/traffic-overview.php', 'Mozilla/5.0 (Windows NT 10.0; Win64; x64) AppleWebKit/537.36 (KHTML, like Gecko) Chrome/147.0.0.0 Safari/537.36', 0, 200, 30, 0),
	(219, '2026-04-30 23:32:02', '::1', 'GET', '/WAF_Design/security-alerts.php', 'Mozilla/5.0 (Windows NT 10.0; Win64; x64) AppleWebKit/537.36 (KHTML, like Gecko) Chrome/147.0.0.0 Safari/537.36', 0, 200, 41, 0),
	(220, '2026-04-30 23:32:08', '::1', 'GET', '/WAF_Design/traffic-overview.php', 'Mozilla/5.0 (Windows NT 10.0; Win64; x64) AppleWebKit/537.36 (KHTML, like Gecko) Chrome/147.0.0.0 Safari/537.36', 0, 200, 30, 0),
	(221, '2026-04-30 23:33:05', '::1', 'GET', '/WAF_Design/traffic-overview.php', 'Mozilla/5.0 (Windows NT 10.0; Win64; x64) AppleWebKit/537.36 (KHTML, like Gecko) Chrome/147.0.0.0 Safari/537.36', 0, 200, 30, 0),
	(222, '2026-04-30 23:33:22', '::1', 'GET', '/WAF_Design/traffic-overview.php', 'Mozilla/5.0 (Windows NT 10.0; Win64; x64) AppleWebKit/537.36 (KHTML, like Gecko) Chrome/147.0.0.0 Safari/537.36', 0, 200, 30, 0),
	(223, '2026-04-30 23:33:51', '::1', 'GET', '/WAF_Design/traffic-overview.php', 'Mozilla/5.0 (Windows NT 10.0; Win64; x64) AppleWebKit/537.36 (KHTML, like Gecko) Chrome/147.0.0.0 Safari/537.36', 0, 200, 30, 0),
	(224, '2026-04-30 23:33:58', '::1', 'GET', '/WAF_Design/security-alerts.php', 'Mozilla/5.0 (Windows NT 10.0; Win64; x64) AppleWebKit/537.36 (KHTML, like Gecko) Chrome/147.0.0.0 Safari/537.36', 0, 200, 41, 0),
	(225, '2026-04-30 23:34:05', '::1', 'POST', '/WAF_Design/api/alert_actions.php', 'Mozilla/5.0 (Windows NT 10.0; Win64; x64) AppleWebKit/537.36 (KHTML, like Gecko) Chrome/147.0.0.0 Safari/537.36', 26, 200, 47, 0),
	(226, '2026-04-30 23:34:12', '::1', 'GET', '/WAF_Design/blocked-attacks.php', 'Mozilla/5.0 (Windows NT 10.0; Win64; x64) AppleWebKit/537.36 (KHTML, like Gecko) Chrome/147.0.0.0 Safari/537.36', 0, 200, 38, 0),
	(227, '2026-04-30 23:34:20', '::1', 'GET', '/WAF_Design/settings.php', 'Mozilla/5.0 (Windows NT 10.0; Win64; x64) AppleWebKit/537.36 (KHTML, like Gecko) Chrome/147.0.0.0 Safari/537.36', 0, 200, 42, 0),
	(228, '2026-04-30 23:34:22', '::1', 'POST', '/WAF_Design/api/settings_actions.php', 'Mozilla/5.0 (Windows NT 10.0; Win64; x64) AppleWebKit/537.36 (KHTML, like Gecko) Chrome/147.0.0.0 Safari/537.36', 22, 200, 45, 0),
	(229, '2026-04-30 23:34:24', '::1', 'POST', '/WAF_Design/api/settings_actions.php', 'Mozilla/5.0 (Windows NT 10.0; Win64; x64) AppleWebKit/537.36 (KHTML, like Gecko) Chrome/147.0.0.0 Safari/537.36', 28, 200, 46, 0),
	(230, '2026-04-30 23:34:25', '::1', 'POST', '/WAF_Design/api/settings_actions.php', 'Mozilla/5.0 (Windows NT 10.0; Win64; x64) AppleWebKit/537.36 (KHTML, like Gecko) Chrome/147.0.0.0 Safari/537.36', 22, 200, 46, 0),
	(231, '2026-04-30 23:34:26', '::1', 'POST', '/WAF_Design/api/settings_actions.php', 'Mozilla/5.0 (Windows NT 10.0; Win64; x64) AppleWebKit/537.36 (KHTML, like Gecko) Chrome/147.0.0.0 Safari/537.36', 52, 200, 43, 0),
	(232, '2026-04-30 23:34:27', '::1', 'POST', '/WAF_Design/api/settings_actions.php', 'Mozilla/5.0 (Windows NT 10.0; Win64; x64) AppleWebKit/537.36 (KHTML, like Gecko) Chrome/147.0.0.0 Safari/537.36', 52, 200, 44, 0),
	(233, '2026-04-30 23:40:24', '::1', 'GET', '/WAF_Design/dashboard.php', 'Mozilla/5.0 (Windows NT 10.0; Win64; x64) AppleWebKit/537.36 (KHTML, like Gecko) Chrome/147.0.0.0 Safari/537.36', 0, 200, 34, 0),
	(234, '2026-04-30 23:40:34', '::1', 'GET', '/WAF_Design/dashboard.php', 'Mozilla/5.0 (Windows NT 10.0; Win64; x64) AppleWebKit/537.36 (KHTML, like Gecko) Chrome/147.0.0.0 Safari/537.36', 0, 200, 34, 0),
	(235, '2026-04-30 23:40:55', '::1', 'GET', '/WAF_Design/traffic-overview.php', 'Mozilla/5.0 (Windows NT 10.0; Win64; x64) AppleWebKit/537.36 (KHTML, like Gecko) Chrome/147.0.0.0 Safari/537.36', 0, 200, 30, 0),
	(236, '2026-04-30 23:41:09', '::1', 'GET', '/WAF_Design/traffic-overview.php', 'Mozilla/5.0 (Windows NT 10.0; Win64; x64) AppleWebKit/537.36 (KHTML, like Gecko) Chrome/147.0.0.0 Safari/537.36', 0, 200, 30, 0),
	(237, '2026-04-30 23:41:15', '::1', 'GET', '/WAF_Design/traffic-overview.php', 'Mozilla/5.0 (Windows NT 10.0; Win64; x64) AppleWebKit/537.36 (KHTML, like Gecko) Chrome/147.0.0.0 Safari/537.36', 0, 200, 30, 0),
	(238, '2026-04-30 23:41:39', '::1', 'GET', '/WAF_Design/traffic-overview.php', 'Mozilla/5.0 (Windows NT 10.0; Win64; x64) AppleWebKit/537.36 (KHTML, like Gecko) Chrome/147.0.0.0 Safari/537.36', 0, 200, 30, 0),
	(239, '2026-04-30 23:41:46', '::1', 'GET', '/WAF_Design/logout.php', 'Mozilla/5.0 (Windows NT 10.0; Win64; x64) AppleWebKit/537.36 (KHTML, like Gecko) Chrome/147.0.0.0 Safari/537.36', 0, 200, 36, 0),
	(240, '2026-04-30 23:41:49', '::1', 'GET', '/WAF_Design/login.php', 'Mozilla/5.0 (Windows NT 10.0; Win64; x64) AppleWebKit/537.36 (KHTML, like Gecko) Chrome/147.0.0.0 Safari/537.36', 0, 200, 39, 0),
	(241, '2026-04-30 23:41:57', '::1', 'POST', '/WAF_Design/login.php', 'Mozilla/5.0 (Windows NT 10.0; Win64; x64) AppleWebKit/537.36 (KHTML, like Gecko) Chrome/147.0.0.0 Safari/537.36', 47, 200, 16, 0),
	(242, '2026-04-30 23:41:59', '::1', 'GET', '/WAF_Design/dashboard.php', 'Mozilla/5.0 (Windows NT 10.0; Win64; x64) AppleWebKit/537.36 (KHTML, like Gecko) Chrome/147.0.0.0 Safari/537.36', 0, 200, 34, 0),
	(243, '2026-04-30 23:42:03', '::1', 'GET', '/WAF_Design/traffic-overview.php', 'Mozilla/5.0 (Windows NT 10.0; Win64; x64) AppleWebKit/537.36 (KHTML, like Gecko) Chrome/147.0.0.0 Safari/537.36', 0, 200, 30, 0),
	(244, '2026-04-30 23:44:15', '::1', 'GET', '/WAF_Design/traffic-overview.php', 'Mozilla/5.0 (Windows NT 10.0; Win64; x64) AppleWebKit/537.36 (KHTML, like Gecko) Chrome/147.0.0.0 Safari/537.36', 0, 200, 30, 0),
	(245, '2026-04-30 23:44:22', '::1', 'GET', '/WAF_Design/settings.php', 'Mozilla/5.0 (Windows NT 10.0; Win64; x64) AppleWebKit/537.36 (KHTML, like Gecko) Chrome/147.0.0.0 Safari/537.36', 0, 200, 42, 0),
	(246, '2026-04-30 23:44:25', '::1', 'POST', '/WAF_Design/api/settings_actions.php', 'Mozilla/5.0 (Windows NT 10.0; Win64; x64) AppleWebKit/537.36 (KHTML, like Gecko) Chrome/147.0.0.0 Safari/537.36', 22, 200, 45, 0),
	(247, '2026-04-30 23:44:26', '::1', 'POST', '/WAF_Design/api/settings_actions.php', 'Mozilla/5.0 (Windows NT 10.0; Win64; x64) AppleWebKit/537.36 (KHTML, like Gecko) Chrome/147.0.0.0 Safari/537.36', 22, 200, 46, 0),
	(248, '2026-04-30 23:44:28', '::1', 'POST', '/WAF_Design/api/settings_actions.php', 'Mozilla/5.0 (Windows NT 10.0; Win64; x64) AppleWebKit/537.36 (KHTML, like Gecko) Chrome/147.0.0.0 Safari/537.36', 28, 200, 46, 0),
	(249, '2026-04-30 23:44:45', '::1', 'GET', '/WAF_Design/logout.php', 'Mozilla/5.0 (Windows NT 10.0; Win64; x64) AppleWebKit/537.36 (KHTML, like Gecko) Chrome/147.0.0.0 Safari/537.36', 0, 200, 36, 0),
	(250, '2026-04-30 23:44:47', '::1', 'GET', '/WAF_Design/login.php', 'Mozilla/5.0 (Windows NT 10.0; Win64; x64) AppleWebKit/537.36 (KHTML, like Gecko) Chrome/147.0.0.0 Safari/537.36', 0, 200, 39, 0),
	(251, '2026-04-30 23:45:00', '::1', 'POST', '/WAF_Design/login.php', 'Mozilla/5.0 (Windows NT 10.0; Win64; x64) AppleWebKit/537.36 (KHTML, like Gecko) Chrome/147.0.0.0 Safari/537.36', 42, 200, 18, 0),
	(252, '2026-04-30 23:46:41', '::1', 'POST', '/WAF_Design/login.php', 'Mozilla/5.0 (Windows NT 10.0; Win64; x64) AppleWebKit/537.36 (KHTML, like Gecko) Chrome/147.0.0.0 Safari/537.36', 42, 200, 18, 0),
	(253, '2026-04-30 23:46:44', '::1', 'GET', '/WAF_Design/dashboard.php', 'Mozilla/5.0 (Windows NT 10.0; Win64; x64) AppleWebKit/537.36 (KHTML, like Gecko) Chrome/147.0.0.0 Safari/537.36', 0, 200, 34, 0),
	(254, '2026-04-30 23:46:49', '::1', 'GET', '/WAF_Design/settings.php', 'Mozilla/5.0 (Windows NT 10.0; Win64; x64) AppleWebKit/537.36 (KHTML, like Gecko) Chrome/147.0.0.0 Safari/537.36', 0, 200, 42, 0),
	(255, '2026-04-30 23:46:52', '::1', 'POST', '/WAF_Design/api/settings_actions.php', 'Mozilla/5.0 (Windows NT 10.0; Win64; x64) AppleWebKit/537.36 (KHTML, like Gecko) Chrome/147.0.0.0 Safari/537.36', 28, 200, 46, 0),
	(256, '2026-04-30 23:46:53', '::1', 'POST', '/WAF_Design/api/settings_actions.php', 'Mozilla/5.0 (Windows NT 10.0; Win64; x64) AppleWebKit/537.36 (KHTML, like Gecko) Chrome/147.0.0.0 Safari/537.36', 22, 200, 46, 0),
	(257, '2026-04-30 23:46:54', '::1', 'POST', '/WAF_Design/api/settings_actions.php', 'Mozilla/5.0 (Windows NT 10.0; Win64; x64) AppleWebKit/537.36 (KHTML, like Gecko) Chrome/147.0.0.0 Safari/537.36', 22, 200, 45, 0),
	(258, '2026-04-30 23:47:32', '::1', 'POST', '/WAF_Design/api/settings_actions.php', 'Mozilla/5.0 (Windows NT 10.0; Win64; x64) AppleWebKit/537.36 (KHTML, like Gecko) Chrome/147.0.0.0 Safari/537.36', 98, 200, 40, 0),
	(259, '2026-04-30 23:47:34', '::1', 'POST', '/WAF_Design/api/settings_actions.php', 'Mozilla/5.0 (Windows NT 10.0; Win64; x64) AppleWebKit/537.36 (KHTML, like Gecko) Chrome/147.0.0.0 Safari/537.36', 22, 200, 46, 0),
	(260, '2026-04-30 23:47:42', '::1', 'GET', '/WAF_Design/logout.php', 'Mozilla/5.0 (Windows NT 10.0; Win64; x64) AppleWebKit/537.36 (KHTML, like Gecko) Chrome/147.0.0.0 Safari/537.36', 0, 200, 36, 0),
	(261, '2026-04-30 23:47:44', '::1', 'GET', '/WAF_Design/login.php', 'Mozilla/5.0 (Windows NT 10.0; Win64; x64) AppleWebKit/537.36 (KHTML, like Gecko) Chrome/147.0.0.0 Safari/537.36', 0, 200, 39, 0),
	(262, '2026-04-30 23:47:56', '::1', 'POST', '/WAF_Design/login.php', 'Mozilla/5.0 (Windows NT 10.0; Win64; x64) AppleWebKit/537.36 (KHTML, like Gecko) Chrome/147.0.0.0 Safari/537.36', 38, 200, 20, 0),
	(263, '2026-04-30 23:47:59', '::1', 'GET', '/WAF_Design/dashboard.php', 'Mozilla/5.0 (Windows NT 10.0; Win64; x64) AppleWebKit/537.36 (KHTML, like Gecko) Chrome/147.0.0.0 Safari/537.36', 0, 200, 34, 0),
	(264, '2026-04-30 23:48:07', '::1', 'GET', '/WAF_Design/traffic-overview.php', 'Mozilla/5.0 (Windows NT 10.0; Win64; x64) AppleWebKit/537.36 (KHTML, like Gecko) Chrome/147.0.0.0 Safari/537.36', 0, 200, 30, 0),
	(265, '2026-04-30 23:48:12', '::1', 'GET', '/WAF_Design/security-alerts.php', 'Mozilla/5.0 (Windows NT 10.0; Win64; x64) AppleWebKit/537.36 (KHTML, like Gecko) Chrome/147.0.0.0 Safari/537.36', 0, 200, 41, 0),
	(266, '2026-04-30 23:48:17', '::1', 'GET', '/WAF_Design/blocked-attacks.php', 'Mozilla/5.0 (Windows NT 10.0; Win64; x64) AppleWebKit/537.36 (KHTML, like Gecko) Chrome/147.0.0.0 Safari/537.36', 0, 200, 38, 0),
	(267, '2026-04-30 23:51:15', '::1', 'GET', '/WAF_Design/security-alerts.php', 'Mozilla/5.0 (Windows NT 10.0; Win64; x64) AppleWebKit/537.36 (KHTML, like Gecko) Chrome/147.0.0.0 Safari/537.36', 0, 200, 41, 0),
	(268, '2026-04-30 23:51:37', '::1', 'GET', '/WAF_Design/security-alerts.php', 'Mozilla/5.0 (Windows NT 10.0; Win64; x64) AppleWebKit/537.36 (KHTML, like Gecko) Chrome/147.0.0.0 Safari/537.36', 0, 200, 41, 0),
	(269, '2026-04-30 23:52:07', '::1', 'GET', '/WAF_Design/logout.php', 'Mozilla/5.0 (Windows NT 10.0; Win64; x64) AppleWebKit/537.36 (KHTML, like Gecko) Chrome/147.0.0.0 Safari/537.36', 0, 200, 36, 0),
	(270, '2026-04-30 23:52:10', '::1', 'GET', '/WAF_Design/login.php', 'Mozilla/5.0 (Windows NT 10.0; Win64; x64) AppleWebKit/537.36 (KHTML, like Gecko) Chrome/147.0.0.0 Safari/537.36', 0, 200, 39, 0),
	(271, '2026-04-30 23:52:27', '::1', 'POST', '/WAF_Design/login.php', 'Mozilla/5.0 (Windows NT 10.0; Win64; x64) AppleWebKit/537.36 (KHTML, like Gecko) Chrome/147.0.0.0 Safari/537.36', 38, 200, 20, 0),
	(272, '2026-04-30 23:52:30', '::1', 'GET', '/WAF_Design/dashboard.php', 'Mozilla/5.0 (Windows NT 10.0; Win64; x64) AppleWebKit/537.36 (KHTML, like Gecko) Chrome/147.0.0.0 Safari/537.36', 0, 200, 34, 0),
	(273, '2026-04-30 23:52:36', '::1', 'GET', '/WAF_Design/traffic-overview.php', 'Mozilla/5.0 (Windows NT 10.0; Win64; x64) AppleWebKit/537.36 (KHTML, like Gecko) Chrome/147.0.0.0 Safari/537.36', 0, 200, 30, 0),
	(274, '2026-04-30 23:52:37', '::1', 'GET', '/WAF_Design/security-alerts.php', 'Mozilla/5.0 (Windows NT 10.0; Win64; x64) AppleWebKit/537.36 (KHTML, like Gecko) Chrome/147.0.0.0 Safari/537.36', 0, 200, 41, 0),
	(275, '2026-04-30 23:54:10', '::1', 'GET', '/WAF_Design/blocked-attacks.php', 'Mozilla/5.0 (Windows NT 10.0; Win64; x64) AppleWebKit/537.36 (KHTML, like Gecko) Chrome/147.0.0.0 Safari/537.36', 0, 200, 38, 0),
	(276, '2026-04-30 23:54:36', '::1', 'GET', '/WAF_Design/traffic-overview.php', 'Mozilla/5.0 (Windows NT 10.0; Win64; x64) AppleWebKit/537.36 (KHTML, like Gecko) Chrome/147.0.0.0 Safari/537.36', 0, 200, 30, 0),
	(277, '2026-04-30 23:54:40', '::1', 'GET', '/WAF_Design/dashboard.php', 'Mozilla/5.0 (Windows NT 10.0; Win64; x64) AppleWebKit/537.36 (KHTML, like Gecko) Chrome/147.0.0.0 Safari/537.36', 0, 200, 34, 0),
	(278, '2026-04-30 23:54:51', '::1', 'GET', '/WAF_Design/logout.php', 'Mozilla/5.0 (Windows NT 10.0; Win64; x64) AppleWebKit/537.36 (KHTML, like Gecko) Chrome/147.0.0.0 Safari/537.36', 0, 200, 36, 0),
	(279, '2026-04-30 23:54:54', '::1', 'GET', '/WAF_Design/login.php', 'Mozilla/5.0 (Windows NT 10.0; Win64; x64) AppleWebKit/537.36 (KHTML, like Gecko) Chrome/147.0.0.0 Safari/537.36', 0, 200, 39, 0),
	(280, '2026-04-30 23:55:04', '::1', 'POST', '/WAF_Design/login.php', 'Mozilla/5.0 (Windows NT 10.0; Win64; x64) AppleWebKit/537.36 (KHTML, like Gecko) Chrome/147.0.0.0 Safari/537.36', 47, 200, 16, 0),
	(281, '2026-04-30 23:55:06', '::1', 'GET', '/WAF_Design/dashboard.php', 'Mozilla/5.0 (Windows NT 10.0; Win64; x64) AppleWebKit/537.36 (KHTML, like Gecko) Chrome/147.0.0.0 Safari/537.36', 0, 200, 34, 0),
	(282, '2026-04-30 23:55:13', '::1', 'GET', '/WAF_Design/settings.php', 'Mozilla/5.0 (Windows NT 10.0; Win64; x64) AppleWebKit/537.36 (KHTML, like Gecko) Chrome/147.0.0.0 Safari/537.36', 0, 200, 42, 0),
	(283, '2026-04-30 23:55:15', '::1', 'POST', '/WAF_Design/api/settings_actions.php', 'Mozilla/5.0 (Windows NT 10.0; Win64; x64) AppleWebKit/537.36 (KHTML, like Gecko) Chrome/147.0.0.0 Safari/537.36', 22, 200, 45, 0),
	(284, '2026-04-30 23:55:17', '::1', 'POST', '/WAF_Design/api/settings_actions.php', 'Mozilla/5.0 (Windows NT 10.0; Win64; x64) AppleWebKit/537.36 (KHTML, like Gecko) Chrome/147.0.0.0 Safari/537.36', 28, 200, 46, 0),
	(285, '2026-04-30 23:55:18', '::1', 'POST', '/WAF_Design/api/settings_actions.php', 'Mozilla/5.0 (Windows NT 10.0; Win64; x64) AppleWebKit/537.36 (KHTML, like Gecko) Chrome/147.0.0.0 Safari/537.36', 22, 200, 46, 0),
	(286, '2026-04-30 23:59:04', '::1', 'GET', '/WAF_Design/settings.php', 'Mozilla/5.0 (Windows NT 10.0; Win64; x64) AppleWebKit/537.36 (KHTML, like Gecko) Chrome/147.0.0.0 Safari/537.36', 0, 200, 42, 0),
	(287, '2026-04-30 23:59:07', '::1', 'POST', '/WAF_Design/api/settings_actions.php', 'Mozilla/5.0 (Windows NT 10.0; Win64; x64) AppleWebKit/537.36 (KHTML, like Gecko) Chrome/147.0.0.0 Safari/537.36', 22, 200, 45, 0),
	(288, '2026-04-30 23:59:08', '::1', 'POST', '/WAF_Design/api/settings_actions.php', 'Mozilla/5.0 (Windows NT 10.0; Win64; x64) AppleWebKit/537.36 (KHTML, like Gecko) Chrome/147.0.0.0 Safari/537.36', 28, 200, 46, 0),
	(289, '2026-04-30 23:59:10', '::1', 'POST', '/WAF_Design/api/settings_actions.php', 'Mozilla/5.0 (Windows NT 10.0; Win64; x64) AppleWebKit/537.36 (KHTML, like Gecko) Chrome/147.0.0.0 Safari/537.36', 22, 200, 46, 0),
	(290, '2026-04-30 23:59:25', '::1', 'POST', '/WAF_Design/api/settings_actions.php', 'Mozilla/5.0 (Windows NT 10.0; Win64; x64) AppleWebKit/537.36 (KHTML, like Gecko) Chrome/147.0.0.0 Safari/537.36', 50, 200, 44, 0),
	(291, '2026-04-30 23:59:27', '::1', 'POST', '/WAF_Design/api/settings_actions.php', 'Mozilla/5.0 (Windows NT 10.0; Win64; x64) AppleWebKit/537.36 (KHTML, like Gecko) Chrome/147.0.0.0 Safari/537.36', 22, 200, 46, 0),
	(292, '2026-05-01 00:00:48', '::1', 'GET', '/WAF_Design/logout.php', 'Mozilla/5.0 (Windows NT 10.0; Win64; x64) AppleWebKit/537.36 (KHTML, like Gecko) Chrome/147.0.0.0 Safari/537.36', 0, 200, 36, 0),
	(293, '2026-05-01 00:00:51', '::1', 'GET', '/WAF_Design/login.php', 'Mozilla/5.0 (Windows NT 10.0; Win64; x64) AppleWebKit/537.36 (KHTML, like Gecko) Chrome/147.0.0.0 Safari/537.36', 0, 200, 39, 0),
	(294, '2026-05-01 00:01:01', '::1', 'POST', '/WAF_Design/login.php', 'Mozilla/5.0 (Windows NT 10.0; Win64; x64) AppleWebKit/537.36 (KHTML, like Gecko) Chrome/147.0.0.0 Safari/537.36', 38, 200, 20, 0),
	(295, '2026-05-01 11:25:59', '::1', 'GET', '/WAF_Design/login.php', 'Mozilla/5.0 (Windows NT 10.0; Win64; x64) AppleWebKit/537.36 (KHTML, like Gecko) Chrome/147.0.0.0 Safari/537.36', 0, 200, 39, 0),
	(296, '2026-05-01 11:26:07', '::1', 'POST', '/WAF_Design/login.php', 'Mozilla/5.0 (Windows NT 10.0; Win64; x64) AppleWebKit/537.36 (KHTML, like Gecko) Chrome/147.0.0.0 Safari/537.36', 47, 200, 16, 0),
	(297, '2026-05-01 11:26:10', '::1', 'GET', '/WAF_Design/dashboard.php', 'Mozilla/5.0 (Windows NT 10.0; Win64; x64) AppleWebKit/537.36 (KHTML, like Gecko) Chrome/147.0.0.0 Safari/537.36', 0, 200, 34, 0),
	(298, '2026-05-01 11:26:20', '::1', 'GET', '/WAF_Design/traffic-overview.php', 'Mozilla/5.0 (Windows NT 10.0; Win64; x64) AppleWebKit/537.36 (KHTML, like Gecko) Chrome/147.0.0.0 Safari/537.36', 0, 200, 30, 0),
	(299, '2026-05-01 11:26:29', '::1', 'GET', '/WAF_Design/security-alerts.php', 'Mozilla/5.0 (Windows NT 10.0; Win64; x64) AppleWebKit/537.36 (KHTML, like Gecko) Chrome/147.0.0.0 Safari/537.36', 0, 200, 41, 0),
	(300, '2026-05-01 11:26:40', '::1', 'GET', '/WAF_Design/blocked-attacks.php', 'Mozilla/5.0 (Windows NT 10.0; Win64; x64) AppleWebKit/537.36 (KHTML, like Gecko) Chrome/147.0.0.0 Safari/537.36', 0, 200, 38, 0),
	(301, '2026-05-01 11:26:48', '::1', 'GET', '/WAF_Design/settings.php', 'Mozilla/5.0 (Windows NT 10.0; Win64; x64) AppleWebKit/537.36 (KHTML, like Gecko) Chrome/147.0.0.0 Safari/537.36', 0, 200, 42, 0),
	(302, '2026-05-01 11:26:50', '::1', 'POST', '/WAF_Design/api/settings_actions.php', 'Mozilla/5.0 (Windows NT 10.0; Win64; x64) AppleWebKit/537.36 (KHTML, like Gecko) Chrome/147.0.0.0 Safari/537.36', 22, 200, 45, 0),
	(303, '2026-05-01 11:26:51', '::1', 'POST', '/WAF_Design/api/settings_actions.php', 'Mozilla/5.0 (Windows NT 10.0; Win64; x64) AppleWebKit/537.36 (KHTML, like Gecko) Chrome/147.0.0.0 Safari/537.36', 22, 200, 46, 0),
	(304, '2026-05-01 11:26:52', '::1', 'POST', '/WAF_Design/api/settings_actions.php', 'Mozilla/5.0 (Windows NT 10.0; Win64; x64) AppleWebKit/537.36 (KHTML, like Gecko) Chrome/147.0.0.0 Safari/537.36', 28, 200, 46, 0);
/*!40000 ALTER TABLE `traffic_log` ENABLE KEYS */;

-- Dumping structure for table waf_db.uploaded_file
CREATE TABLE IF NOT EXISTS `uploaded_file` (
  `id` int(11) NOT NULL AUTO_INCREMENT,
  `traffic_log_id` int(11) NOT NULL,
  `file_name` varchar(255) COLLATE utf8mb4_unicode_ci DEFAULT NULL,
  `file_type` varchar(100) COLLATE utf8mb4_unicode_ci DEFAULT NULL,
  `file_size` int(11) DEFAULT NULL,
  `upload_path` varchar(512) COLLATE utf8mb4_unicode_ci DEFAULT NULL,
  `malware_detected` tinyint(1) DEFAULT '0',
  PRIMARY KEY (`id`),
  KEY `traffic_log_id` (`traffic_log_id`),
  CONSTRAINT `uploaded_file_ibfk_1` FOREIGN KEY (`traffic_log_id`) REFERENCES `traffic_log` (`id`) ON DELETE CASCADE
) ENGINE=InnoDB DEFAULT CHARSET=utf8mb4 COLLATE=utf8mb4_unicode_ci;

-- Dumping data for table waf_db.uploaded_file: ~0 rows (approximately)
/*!40000 ALTER TABLE `uploaded_file` DISABLE KEYS */;
/*!40000 ALTER TABLE `uploaded_file` ENABLE KEYS */;

-- Dumping structure for table waf_db.user
CREATE TABLE IF NOT EXISTS `user` (
  `id` int(11) NOT NULL AUTO_INCREMENT,
  `username` varchar(100) COLLATE utf8mb4_unicode_ci NOT NULL,
  `email` varchar(255) COLLATE utf8mb4_unicode_ci NOT NULL,
  `password_hash` varchar(255) COLLATE utf8mb4_unicode_ci NOT NULL,
  `role_id` int(11) NOT NULL,
  `created_at` datetime NOT NULL DEFAULT CURRENT_TIMESTAMP,
  `last_login` datetime DEFAULT NULL,
  `is_active` tinyint(1) NOT NULL DEFAULT '1',
  PRIMARY KEY (`id`),
  UNIQUE KEY `username` (`username`),
  UNIQUE KEY `email` (`email`),
  KEY `role_id` (`role_id`),
  CONSTRAINT `user_ibfk_1` FOREIGN KEY (`role_id`) REFERENCES `role` (`id`)
) ENGINE=InnoDB AUTO_INCREMENT=5 DEFAULT CHARSET=utf8mb4 COLLATE=utf8mb4_unicode_ci;

-- Dumping data for table waf_db.user: ~4 rows (approximately)
/*!40000 ALTER TABLE `user` DISABLE KEYS */;
INSERT INTO `user` (`id`, `username`, `email`, `password_hash`, `role_id`, `created_at`, `last_login`, `is_active`) VALUES
	(1, 'admin', 'admin@waf.local', '$2y$10$92IXUNpkjO0rOQ5byMi.Ye4oKoEa3Ro9llC/.og/at2.uheWG/igi', 1, '2026-04-29 21:16:41', NULL, 1),
	(2, 'selim', 'mohamedselimk@gmail.com', 'e10adc3949ba59abbe56e057f20f883e', 1, '2026-04-29 22:38:45', NULL, 1),
	(3, 'slim', 'sbizerta@gmail.com', 'e10adc3949ba59abbe56e057f20f883e', 1, '2026-05-01 00:25:43', NULL, 1),
	(4, 'khader', 'test@gmail.com', 'e10adc3949ba59abbe56e057f20f883e', 3, '2026-05-01 00:47:33', NULL, 0);
/*!40000 ALTER TABLE `user` ENABLE KEYS */;

/*!40101 SET SQL_MODE=IFNULL(@OLD_SQL_MODE, '') */;
/*!40014 SET FOREIGN_KEY_CHECKS=IFNULL(@OLD_FOREIGN_KEY_CHECKS, 1) */;
/*!40101 SET CHARACTER_SET_CLIENT=@OLD_CHARACTER_SET_CLIENT */;
/*!40111 SET SQL_NOTES=IFNULL(@OLD_SQL_NOTES, 1) */;
